datum,demand,lag_1,lag_7,lag_14,lag_28,rolling_mean_7,rolling_mean_28,day_of_week,month,day_of_year,is_weekend
2014-01-30,25.5,14.0,26.2,28.3,32.4,22.654285714285713,29.486785714285713,3,1,30,0
2014-01-31,26.9,25.5,19.6,20.4,50.6,22.554285714285715,29.240357142857142,4,1,31,0
2014-02-01,43.0,26.9,37.8,43.2,61.85,23.59714285714286,28.39392857142857,5,2,32,1
2014-02-02,13.5,43.0,24.0,14.1,41.1,24.34,27.720714285714283,6,2,33,1
2014-02-03,32.4,13.5,23.6,11.9,21.7,22.84,26.734999999999996,0,2,34,0
2014-02-04,30.6,32.4,13.38,42.0,0.0,24.09714285714286,27.117142857142856,1,2,35,0
2014-02-05,32.4,30.6,14.0,18.1,26.4,26.557142857142857,28.21,2,2,36,0
2014-02-06,41.4,32.4,25.5,26.2,25.0,29.185714285714287,28.424285714285713,3,2,37,0
2014-02-07,21.4,41.4,26.9,19.6,53.3,31.45714285714286,29.01,4,2,38,0
2014-02-08,37.1,21.4,43.0,37.8,52.3,30.67142857142857,27.870714285714286,5,2,39,1
2014-02-09,31.5,37.1,13.5,24.0,12.0,29.82857142857143,27.327857142857145,6,2,40,1
2014-02-10,40.1,31.5,32.4,23.6,52.0,32.4,28.024285714285718,0,2,41,0
2014-02-11,44.6,40.1,30.6,13.38,33.7,33.5,27.599285714285713,1,2,42,0
2014-02-12,73.6,44.6,32.4,14.0,26.7,35.5,27.988571428571426,2,2,43,0
2014-02-13,49.1,73.6,41.4,25.5,28.3,41.385714285714286,29.66357142857143,3,2,44,0
2014-02-14,42.3,49.1,21.4,26.9,20.4,42.48571428571428,30.40642857142857,4,2,45,0
2014-02-15,37.0,42.3,37.1,43.0,43.2,45.471428571428575,31.18857142857143,5,2,46,1
2014-02-16,34.0,37.0,31.5,13.5,14.1,45.457142857142856,30.967142857142854,6,2,47,1
2014-02-17,27.0,34.0,40.1,32.4,11.9,45.81428571428571,31.677857142857142,0,2,48,0
2014-02-18,45.0,27.0,44.6,30.6,42.0,43.94285714285714,32.21714285714285,1,2,49,0
2014-02-19,66.8,45.0,73.6,32.4,18.1,44.0,32.324285714285715,2,2,50,0
2014-02-20,21.5,66.8,49.1,41.4,26.2,43.028571428571425,34.06357142857143,3,2,51,0
2014-02-21,25.4,21.5,42.3,21.4,19.6,39.08571428571429,33.895714285714284,4,2,52,0
2014-02-22,26.0,25.4,37.0,37.1,37.8,36.67142857142857,34.10285714285714,5,2,53,1
2014-02-23,21.0,26.0,34.0,31.5,24.0,35.1,33.681428571428576,6,2,54,1
2014-02-24,26.5,21.0,27.0,40.1,23.6,33.24285714285714,33.574285714285715,0,2,55,0
2014-02-25,34.5,26.5,45.0,44.6,13.38,33.17142857142857,33.67785714285714,1,2,56,0
2014-02-26,34.0,34.5,66.8,73.6,14.0,31.67142857142857,34.43214285714286,2,2,57,0
2014-02-27,33.2,34.0,21.5,49.1,25.5,26.985714285714288,35.14642857142857,3,2,58,0
2014-02-28,37.0,33.2,25.4,42.3,26.9,28.657142857142855,35.42142857142857,4,2,59,0
2014-03-01,50.7,37.0,26.0,37.0,43.0,30.314285714285713,35.78214285714286,5,3,60,1
2014-03-02,6.6,50.7,21.0,34.0,13.5,33.84285714285714,36.05714285714286,6,3,61,1
2014-03-03,22.1,6.6,26.5,27.0,32.4,31.785714285714285,35.81071428571429,0,3,62,0
2014-03-04,47.275,22.1,34.5,45.0,30.6,31.157142857142855,35.44285714285714,1,3,63,0
2014-03-05,25.0,47.275,34.0,66.8,32.4,32.982142857142854,36.03839285714286,2,3,64,0
2014-03-06,44.1,25.0,33.2,21.5,41.4,31.696428571428573,35.77410714285715,3,3,65,0
2014-03-07,25.0,44.1,37.0,25.4,21.4,33.253571428571426,35.870535714285715,4,3,66,0
2014-03-08,27.6,25.0,50.7,26.0,37.1,31.539285714285715,35.99910714285714,5,3,67,1
2014-03-09,11.3,27.6,6.6,21.0,31.5,28.239285714285717,35.659821428571426,6,3,68,1
2014-03-10,47.0,11.3,22.1,26.5,40.1,28.910714285714285,34.93839285714286,0,3,69,0
2014-03-11,30.4,47.0,47.275,34.5,44.6,32.46785714285714,35.18482142857143,1,3,70,0
2014-03-12,19.6,30.4,25.0,34.0,73.6,30.057142857142857,34.67767857142857,2,3,71,0
2014-03-13,15.5,19.6,44.1,33.2,49.1,29.285714285714285,32.74910714285714,3,3,72,0
2014-03-14,16.0,15.5,25.0,37.0,42.3,25.2,31.549107142857142,4,3,73,0
2014-03-15,23.3,16.0,27.6,50.7,37.0,23.914285714285715,30.60982142857143,5,3,74,1
2014-03-16,13.0,23.3,11.3,6.6,34.0,23.300000000000004,30.120535714285715,6,3,75,1
2014-03-17,37.0,13.0,47.0,22.1,27.0,23.542857142857144,29.370535714285715,0,3,76,0
2014-03-18,20.1,37.0,30.4,47.275,45.0,22.114285714285717,29.727678571428573,1,3,77,0
2014-03-19,21.8,20.1,19.6,25.0,66.8,20.642857142857142,28.838392857142857,2,3,78,0
2014-03-20,38.2,21.8,15.5,44.1,21.5,20.957142857142856,27.231249999999996,3,3,79,0
2014-03-21,40.0,38.2,16.0,25.0,25.4,24.2,27.82767857142857,4,3,80,0
2014-03-22,26.3,40.0,23.3,27.6,26.0,27.62857142857143,28.349107142857143,5,3,81,1
2014-03-23,19.4,26.3,13.0,11.3,21.0,28.057142857142857,28.359821428571426,6,3,82,1
2014-03-24,23.6,19.4,37.0,47.0,26.5,28.971428571428568,28.302678571428572,0,3,83,0
2014-03-25,38.6,23.6,20.1,30.4,34.5,27.05714285714286,28.19910714285714,1,3,84,0
2014-03-26,6.7,38.6,21.8,19.6,34.0,29.7,28.345535714285713,2,3,85,0
2014-03-27,20.7,6.7,38.2,15.5,33.2,27.542857142857144,27.370535714285715,3,3,86,0
2014-03-28,11.0,20.7,40.0,16.0,37.0,25.042857142857144,26.924107142857142,4,3,87,0
2014-03-29,24.0,11.0,26.3,23.3,50.7,20.900000000000002,25.995535714285715,5,3,88,1
2014-03-30,12.0,24.0,19.4,13.0,6.6,20.571428571428573,25.041964285714283,6,3,89,1
2014-03-31,15.4,12.0,23.6,37.0,22.1,19.514285714285712,25.234821428571426,0,3,90,0
2014-04-01,27.5,15.4,38.6,20.1,47.275,18.342857142857145,24.995535714285715,1,4,91,0
2014-04-02,23.0,27.5,6.7,21.8,25.0,16.757142857142856,24.289285714285715,2,4,92,0
2014-04-03,19.2,23.0,20.7,38.2,44.1,19.085714285714285,24.217857142857145,3,4,93,0
2014-04-04,24.0,19.2,11.0,40.0,25.0,18.87142857142857,23.328571428571426,4,4,94,0
2014-04-05,25.6,24.0,24.0,26.3,27.6,20.728571428571428,23.29285714285714,5,4,95,1
2014-04-06,19.0,25.6,12.0,19.4,11.3,20.95714285714286,23.22142857142857,6,4,96,1
2014-04-07,31.5,19.0,15.4,23.6,47.0,21.95714285714286,23.49642857142857,0,4,97,0
2014-04-08,19.0,31.5,27.5,38.6,30.4,24.25714285714286,22.942857142857143,1,4,98,0
2014-04-09,18.0,19.0,23.0,6.7,19.6,23.042857142857144,22.535714285714285,2,4,99,0
2014-04-10,18.0,18.0,19.2,20.7,15.5,22.32857142857143,22.478571428571428,3,4,100,0
2014-04-11,25.0,18.0,24.0,11.0,16.0,22.157142857142862,22.567857142857143,4,4,101,0
2014-04-12,23.5,25.0,25.6,24.0,23.3,22.300000000000004,22.889285714285712,5,4,102,1
2014-04-13,6.0,23.5,19.0,12.0,13.0,22.0,22.896428571428572,6,4,103,1
2014-04-14,28.28,6.0,31.5,15.4,37.0,20.142857142857142,22.646428571428572,0,4,104,0
2014-04-15,18.7,28.28,19.0,27.5,20.1,19.68285714285714,22.335,1,4,105,0
2014-04-16,25.62,18.7,18.0,23.0,21.8,19.640000000000004,22.285,2,4,106,0
2014-04-17,16.0,25.62,18.0,19.2,38.2,20.728571428571428,22.421428571428574,3,4,107,0
2014-04-18,23.3,16.0,25.0,24.0,40.0,20.442857142857143,21.62857142857143,4,4,108,0
2014-04-19,22.3,23.3,23.5,25.6,26.3,20.2,21.032142857142855,5,4,109,1
2014-04-20,0.0,22.3,6.0,19.0,19.4,20.028571428571432,20.889285714285716,6,4,110,1
2014-04-21,13.5,0.0,28.28,31.5,23.6,19.171428571428574,20.196428571428573,0,4,111,0
2014-04-22,32.0,13.5,18.7,19.0,38.6,17.06,19.83571428571429,1,4,112,0
2014-04-23,24.9,32.0,25.62,18.0,6.7,18.96,19.6,2,4,113,0
2014-04-24,26.0,24.9,16.0,18.0,20.7,18.857142857142858,20.25,3,4,114,0
2014-04-25,24.9,26.0,23.3,25.0,11.0,20.285714285714285,20.439285714285717,4,4,115,0
2014-04-26,35.0,24.9,22.3,23.5,24.0,20.514285714285712,20.935714285714287,5,4,116,1
2014-04-27,26.2,35.0,0.0,6.0,12.0,22.32857142857143,21.32857142857143,6,4,117,1
2014-04-28,29.1,26.2,13.5,28.28,15.4,26.071428571428573,21.83571428571429,0,4,118,0
2014-04-29,30.3,29.1,32.0,18.7,27.5,28.3,22.324999999999996,1,4,119,0
2014-04-30,43.1,30.3,24.9,25.62,23.0,28.057142857142857,22.425,2,4,120,0
2014-05-01,0.0,43.1,26.0,16.0,19.2,30.657142857142855,23.142857142857142,3,5,121,0
2014-05-02,39.5,0.0,24.9,23.3,24.0,26.942857142857143,22.45714285714286,4,5,122,0
2014-05-03,14.6,39.5,35.0,22.3,25.6,29.02857142857143,23.01071428571429,5,5,123,1
2014-05-04,20.0,14.6,26.2,0.0,19.0,26.11428571428571,22.61785714285714,6,5,124,1
2014-05-05,20.0,20.0,29.1,13.5,31.5,25.228571428571428,22.65357142857143,0,5,125,0
2014-05-06,22.0,20.0,30.3,32.0,19.0,23.928571428571427,22.24285714285714,1,5,126,0
2014-05-07,16.8,22.0,43.1,24.9,18.0,22.74285714285714,22.349999999999998,2,5,127,0
2014-05-08,20.4,16.8,0.0,26.0,18.0,18.985714285714288,22.307142857142857,3,5,128,0
2014-05-09,16.0,20.4,39.5,24.9,25.0,21.900000000000002,22.392857142857142,4,5,129,0
2014-05-10,39.4,16.0,14.6,35.0,23.5,18.542857142857144,22.071428571428573,5,5,130,1
2014-05-11,17.0,39.4,20.0,26.2,6.0,22.08571428571429,22.639285714285712,6,5,131,1
2014-05-12,12.0,17.0,20.0,29.1,28.28,21.657142857142862,23.032142857142855,0,5,132,0
2014-05-13,32.0,12.0,22.0,30.3,18.7,20.514285714285716,22.450714285714287,1,5,133,0
2014-05-14,24.3,32.0,16.8,43.1,25.62,21.942857142857147,22.925714285714285,2,5,134,0
2014-05-15,19.3,24.3,20.4,0.0,16.0,23.014285714285712,22.87857142857143,3,5,135,0
2014-05-16,22.0,19.3,16.0,39.5,23.3,22.857142857142858,22.99642857142857,4,5,136,0
2014-05-17,35.0,22.0,39.4,14.6,22.3,23.714285714285715,22.95,5,5,137,1
2014-05-18,9.4,35.0,17.0,20.0,0.0,23.085714285714285,23.40357142857143,6,5,138,1
2014-05-19,12.8,9.4,12.0,20.0,13.5,22.0,23.73928571428571,0,5,139,0
2014-05-20,27.0,12.8,32.0,22.0,32.0,22.114285714285717,23.714285714285715,1,5,140,0
2014-05-21,15.4,27.0,24.3,16.8,24.9,21.400000000000002,23.535714285714285,2,5,141,0
2014-05-22,8.0,15.4,19.3,20.4,26.0,20.12857142857143,23.196428571428573,3,5,142,0
2014-05-23,17.5,8.0,22.0,16.0,24.9,18.514285714285712,22.553571428571427,4,5,143,0
2014-05-24,28.0,17.5,35.0,39.4,35.0,17.87142857142857,22.289285714285715,5,5,144,1
2014-05-25,7.0,28.0,9.4,17.0,26.2,16.87142857142857,22.039285714285715,6,5,145,1
2014-05-26,18.0,7.0,12.8,12.0,29.1,16.52857142857143,21.353571428571428,0,5,146,0
2014-05-27,28.6,18.0,27.0,32.0,30.3,17.271428571428572,20.95714285714286,1,5,147,0
2014-05-28,10.28,28.6,15.4,24.3,43.1,17.5,20.896428571428572,2,5,148,0
2014-05-29,27.0,10.28,8.0,19.3,0.0,16.768571428571427,19.724285714285713,3,5,149,0
2014-05-30,21.5,27.0,17.5,22.0,39.5,19.482857142857142,20.68857142857143,4,5,150,0
2014-05-31,28.0,21.5,28.0,35.0,14.6,20.054285714285715,20.045714285714286,5,5,151,1
2014-06-01,10.0,28.0,7.0,9.4,20.0,20.054285714285715,20.524285714285718,6,6,152,1
2014-06-02,23.3,10.0,18.0,12.8,20.0,20.482857142857142,20.16714285714286,0,6,153,0
2014-06-03,24.0,23.3,28.6,27.0,22.0,21.240000000000002,20.285,1,6,154,0
2014-06-04,24.0,24.0,10.28,15.4,16.8,20.582857142857144,20.356428571428573,2,6,155,0
2014-06-05,22.5,24.0,27.0,8.0,20.4,22.542857142857144,20.613571428571426,3,6,156,0
2014-06-06,16.625,22.5,21.5,17.5,16.0,21.900000000000002,20.68857142857143,4,6,157,0
2014-06-07,33.0,16.625,28.0,28.0,39.4,21.20357142857143,20.710892857142856,5,6,158,1
2014-06-08,11.0,33.0,10.0,7.0,17.0,21.917857142857144,20.482321428571428,6,6,159,1
2014-06-09,18.0,11.0,23.3,18.0,12.0,22.060714285714287,20.268035714285713,0,6,160,0
2014-06-10,23.0,18.0,24.0,28.6,32.0,21.303571428571427,20.482321428571428,1,6,161,0
2014-06-11,12.5,23.0,24.0,10.28,24.3,21.160714285714285,20.16089285714286,2,6,162,0
2014-06-12,15.8,12.5,22.5,27.0,19.3,19.517857142857142,19.739464285714284,3,6,163,0
2014-06-13,10.0,15.8,16.625,21.5,22.0,18.560714285714287,19.614464285714288,4,6,164,0
2014-06-14,8.0,10.0,33.0,28.0,35.0,17.614285714285714,19.185892857142857,5,6,165,1
2014-06-15,8.0,8.0,11.0,10.0,9.4,14.042857142857143,18.221607142857145,6,6,166,1
2014-06-16,12.2,8.0,18.0,23.3,12.8,13.614285714285714,18.171607142857145,0,6,167,0
2014-06-17,14.0,12.2,23.0,24.0,27.0,12.785714285714286,18.150178571428572,1,6,168,0
2014-06-18,18.0,14.0,12.5,24.0,15.4,11.5,17.685892857142857,2,6,169,0
2014-06-19,14.0,18.0,15.8,22.5,8.0,12.285714285714286,17.77875,3,6,170,0
2014-06-20,14.5,14.0,10.0,16.625,17.5,12.028571428571428,17.993035714285714,4,6,171,0
2014-06-21,16.0,14.5,8.0,33.0,28.0,12.671428571428573,17.885892857142856,5,6,172,1
2014-06-22,18.0,16.0,8.0,11.0,7.0,13.814285714285715,17.45732142857143,6,6,173,1
2014-06-23,25.2,18.0,12.2,18.0,18.0,15.242857142857144,17.85017857142857,0,6,174,0
2014-06-24,16.2,25.2,14.0,23.0,28.6,17.1,18.107321428571428,1,6,175,0
2014-06-25,33.8,16.2,18.0,12.5,10.28,17.414285714285715,17.664464285714285,2,6,176,0
2014-06-26,19.3,33.8,14.0,15.8,27.0,19.67142857142857,18.504464285714285,3,6,177,0
2014-06-27,32.3,19.3,14.5,10.0,21.5,20.428571428571427,18.229464285714286,4,6,178,0
2014-06-28,20.0,32.3,16.0,8.0,28.0,22.97142857142857,18.615178571428572,5,6,179,1
2014-06-29,10.0,20.0,18.0,8.0,10.0,23.542857142857144,18.329464285714288,6,6,180,1
2014-06-30,25.0,10.0,25.2,12.2,23.3,22.400000000000002,18.329464285714288,0,6,181,0
2014-07-01,19.0,25.0,16.2,14.0,24.0,22.371428571428574,18.39017857142857,1,7,182,0
2014-07-02,21.6,19.0,33.8,18.0,24.0,22.77142857142857,18.21160714285714,2,7,183,0
2014-07-03,12.5,21.6,19.3,14.0,22.5,21.028571428571432,18.125892857142855,3,7,184,0
2014-07-04,10.5,12.5,32.3,14.5,16.625,20.057142857142857,17.76875,4,7,185,0
2014-07-05,37.0,10.5,20.0,16.0,33.0,16.942857142857143,17.55,5,7,186,1
2014-07-06,10.2,37.0,10.0,18.0,11.0,19.37142857142857,17.692857142857143,6,7,187,1
2014-07-07,13.0,10.2,25.0,25.2,18.0,19.400000000000002,17.664285714285715,0,7,188,0
2014-07-08,14.0,13.0,19.0,16.2,23.0,17.685714285714287,17.485714285714284,1,7,189,0
2014-07-09,13.0,14.0,21.6,33.8,12.5,16.97142857142857,17.164285714285715,2,7,190,0
2014-07-10,21.2,13.0,12.5,19.3,15.8,15.742857142857142,17.182142857142857,3,7,191,0
2014-07-11,16.5,21.2,10.5,32.3,10.0,16.985714285714284,17.375,4,7,192,0
2014-07-12,28.1,16.5,37.0,20.0,8.0,17.842857142857145,17.607142857142858,5,7,193,1
2014-07-13,17.0,28.1,10.2,10.0,8.0,16.571428571428573,18.325,6,7,194,1
2014-07-14,11.8,17.0,13.0,25.0,12.2,17.542857142857144,18.646428571428572,0,7,195,0
2014-07-15,15.6,11.8,14.0,19.0,14.0,17.371428571428574,18.632142857142856,1,7,196,0
2014-07-16,13.0,15.6,13.0,21.6,18.0,17.6,18.689285714285713,2,7,197,0
2014-07-17,25.0,13.0,21.2,12.5,14.0,17.6,18.510714285714283,3,7,198,0
2014-07-18,14.2,25.0,16.5,10.5,14.5,18.142857142857142,18.90357142857143,4,7,199,0
2014-07-19,8.4,14.2,28.1,37.0,16.0,17.814285714285713,18.892857142857142,5,7,200,1
2014-07-20,8.0,8.4,17.0,10.2,18.0,14.999999999999998,18.62142857142857,6,7,201,1
2014-07-21,20.0,8.0,11.8,13.0,25.2,13.714285714285714,18.264285714285712,0,7,202,0
2014-07-22,9.0,20.0,15.6,14.0,16.2,14.885714285714284,18.07857142857143,1,7,203,0
2014-07-23,8.0,9.0,13.0,13.0,33.8,13.942857142857141,17.821428571428573,2,7,204,0
2014-07-24,23.0,8.0,25.0,21.2,19.3,13.228571428571428,16.9,3,7,205,0
2014-07-25,10.0,23.0,14.2,16.5,32.3,12.942857142857141,17.032142857142855,4,7,206,0
2014-07-26,36.2,10.0,8.4,28.1,20.0,12.342857142857143,16.235714285714288,5,7,207,1
2014-07-27,10.0,36.2,8.0,17.0,10.0,16.314285714285717,16.814285714285713,6,7,208,1
2014-07-28,9.1,10.0,20.0,11.8,25.0,16.6,16.814285714285713,0,7,209,0
2014-07-29,13.0,9.1,9.0,15.6,19.0,15.042857142857144,16.24642857142857,1,7,210,0
2014-07-30,13.5,13.0,8.0,13.0,21.6,15.614285714285716,16.032142857142855,2,7,211,0
2014-07-31,10.5,13.5,23.0,25.0,12.5,16.400000000000002,15.742857142857144,3,7,212,0
2014-08-01,14.0,10.5,10.0,14.2,10.5,14.614285714285716,15.671428571428573,4,8,213,0
2014-08-02,29.0,14.0,36.2,8.4,37.0,15.185714285714287,15.796428571428573,5,8,214,1
2014-08-03,6.0,29.0,10.0,8.0,10.2,14.157142857142857,15.510714285714286,6,8,215,1
2014-08-04,21.5,6.0,9.1,20.0,13.0,13.585714285714285,15.360714285714286,0,8,216,0
2014-08-05,17.1,21.5,13.0,9.0,14.0,15.357142857142858,15.664285714285715,1,8,217,0
2014-08-06,17.0,17.1,13.5,8.0,13.0,15.942857142857141,15.775000000000002,2,8,218,0
2014-08-07,33.0,17.0,10.5,23.0,21.2,16.442857142857143,15.917857142857144,3,8,219,0
2014-08-08,13.0,33.0,14.0,10.0,16.5,19.657142857142855,16.339285714285715,4,8,220,0
2014-08-09,19.0,13.0,29.0,36.2,28.1,19.514285714285712,16.214285714285715,5,8,221,1
2014-08-10,3.0,19.0,6.0,10.0,17.0,18.085714285714285,15.889285714285716,6,8,222,1
2014-08-11,20.0,3.0,21.5,9.1,11.8,17.657142857142855,15.389285714285716,0,8,223,0
2014-08-12,10.0,20.0,17.1,13.0,15.6,17.442857142857143,15.682142857142859,1,8,224,0
2014-08-13,20.3,10.0,17.0,13.5,13.0,16.428571428571427,15.482142857142858,2,8,225,0
2014-08-14,14.4,20.3,33.0,10.5,25.0,16.900000000000002,15.742857142857142,3,8,226,0
2014-08-15,13.2,14.4,13.0,14.0,14.2,14.242857142857144,15.364285714285714,4,8,227,0
2014-08-16,19.0,13.2,19.0,29.0,8.4,14.27142857142857,15.328571428571427,5,8,228,1
2014-08-17,6.5,19.0,3.0,6.0,8.0,14.271428571428572,15.707142857142857,6,8,229,1
2014-08-18,16.5,6.5,20.0,21.5,20.0,14.771428571428572,15.653571428571428,0,8,230,0
2014-08-19,16.1,16.5,10.0,17.1,9.0,14.271428571428572,15.528571428571428,1,8,231,0
2014-08-20,9.0,16.1,20.3,17.0,8.0,15.142857142857142,15.782142857142858,2,8,232,0
2014-08-21,18.0,9.0,14.4,33.0,23.0,13.528571428571427,15.817857142857145,3,8,233,0
2014-08-22,19.0,18.0,13.2,13.0,10.0,14.042857142857144,15.639285714285716,4,8,234,0
2014-08-23,25.6,19.0,19.0,19.0,36.2,14.87142857142857,15.960714285714287,5,8,235,1
2014-08-24,7.0,25.6,6.5,3.0,10.0,15.814285714285715,15.582142857142857,6,8,236,1
2014-08-25,21.2,7.0,16.5,20.0,9.1,15.885714285714286,15.475,0,8,237,0
2014-08-26,31.0,21.2,16.1,10.0,13.0,16.557142857142857,15.907142857142857,1,8,238,0
2014-08-27,21.0,31.0,9.0,20.3,13.5,18.685714285714287,16.55,2,8,239,0
2014-08-28,32.67,21.0,18.0,14.4,10.5,20.400000000000002,16.817857142857143,3,8,240,0
2014-08-29,26.28,32.67,19.0,13.2,14.0,22.49571428571429,17.609642857142855,4,8,241,0
2014-08-30,13.0,26.28,25.6,19.0,29.0,23.535714285714285,18.048214285714288,5,8,242,1
2014-08-31,15.0,13.0,7.0,6.5,6.0,21.735714285714284,17.476785714285715,6,8,243,1
2014-09-01,15.5,15.0,21.2,16.5,21.5,22.878571428571426,17.798214285714288,0,9,244,0
2014-09-02,20.14,15.5,31.0,16.1,17.1,22.064285714285713,17.583928571428572,1,9,245,0
2014-09-03,22.18,20.14,21.0,9.0,17.0,20.512857142857143,17.6925,2,9,246,0
2014-09-04,17.6,22.18,32.67,18.0,33.0,20.681428571428572,17.8775,3,9,247,0
2014-09-05,15.6,17.6,26.28,19.0,13.0,18.52857142857143,17.327499999999997,4,9,248,0
2014-09-06,15.7,15.6,13.0,25.6,19.0,17.002857142857142,17.420357142857142,5,9,249,1
2014-09-07,7.0,15.7,15.0,7.0,3.0,17.388571428571428,17.3025,6,9,250,1
2014-09-08,20.8,7.0,15.5,21.2,20.0,16.245714285714286,17.44535714285714,0,9,251,0
2014-09-09,29.2,20.8,20.14,31.0,10.0,17.002857142857145,17.47392857142857,1,9,252,0
2014-09-10,37.8,29.2,22.18,21.0,20.3,18.29714285714286,18.159642857142856,2,9,253,0
2014-09-11,32.2,37.8,17.6,32.67,14.4,20.52857142857143,18.78464285714286,3,9,254,0
2014-09-12,20.0,32.2,15.6,26.28,13.2,22.614285714285717,19.420357142857142,4,9,255,0
2014-09-13,56.85,20.0,15.7,13.0,19.0,23.24285714285714,19.663214285714282,5,9,256,1
2014-09-14,19.5,56.85,7.0,15.0,6.5,29.12142857142857,21.014999999999997,6,9,257,1
2014-09-15,28.2,19.5,20.8,15.5,16.5,30.907142857142855,21.479285714285716,0,9,258,0
2014-09-16,59.3,28.2,29.2,20.14,16.1,31.964285714285715,21.89714285714286,1,9,259,0
2014-09-17,39.6,59.3,37.8,22.18,9.0,36.26428571428571,23.44,2,9,260,0
2014-09-18,44.0,39.6,32.2,17.6,18.0,36.52142857142857,24.532857142857146,3,9,261,0
2014-09-19,23.0,44.0,20.0,15.6,19.0,38.207142857142856,25.461428571428574,4,9,262,0
2014-09-20,20.6,23.0,56.85,15.7,25.6,38.635714285714286,25.604285714285716,5,9,263,1
2014-09-21,12.4,20.6,19.5,7.0,7.0,33.457142857142856,25.42571428571429,6,9,264,1
2014-09-22,34.2,12.4,28.2,20.8,21.2,32.44285714285714,25.618571428571432,0,9,265,0
2014-09-23,26.0,34.2,59.3,29.2,31.0,33.3,26.08285714285714,1,9,266,0
2014-09-24,24.7,26.0,39.6,37.8,21.0,28.542857142857144,25.904285714285713,2,9,267,0
2014-09-25,49.15,24.7,44.0,32.2,32.67,26.414285714285715,26.03642857142857,3,9,268,0
2014-09-26,38.0,49.15,23.0,20.0,26.28,27.150000000000002,26.625,4,9,269,0
2014-09-27,46.3,38.0,20.6,56.85,13.0,29.292857142857144,27.04357142857143,5,9,270,1
2014-09-28,21.2,46.3,12.4,19.5,15.0,32.964285714285715,28.232857142857142,6,9,271,1
2014-09-29,29.8,21.2,34.2,28.2,15.5,34.22142857142857,28.454285714285714,0,9,272,0
2014-09-30,61.3,29.8,26.0,59.3,20.14,33.59285714285714,28.965,1,9,273,0
2014-10-01,44.0,61.3,24.7,39.6,22.18,38.635714285714286,30.435,2,10,274,0
2014-10-02,23.9,44.0,49.15,44.0,17.6,41.392857142857146,31.214285714285715,3,10,275,0
2014-10-03,44.14,23.9,38.0,23.0,15.6,37.785714285714285,31.439285714285713,4,10,276,0
2014-10-04,49.9,44.14,46.3,20.6,15.7,38.66285714285714,32.458571428571425,5,10,277,1
2014-10-05,19.0,49.9,21.2,12.4,7.0,39.17714285714286,33.68,6,10,278,1
2014-10-06,69.875,19.0,29.8,34.2,20.8,38.862857142857145,34.10857142857143,0,10,279,0
2014-10-07,41.7,69.875,61.3,26.0,29.2,44.587857142857146,35.86125,1,10,280,0
2014-10-08,50.0,41.7,44.0,24.7,37.8,41.78785714285714,36.307678571428575,2,10,281,0
2014-10-09,48.2,50.0,23.9,49.15,32.2,42.644999999999996,36.74339285714286,3,10,282,0
2014-10-10,28.8,48.2,44.14,38.0,20.0,46.11642857142857,37.31482142857143,4,10,283,0
2014-10-11,35.9,28.8,49.9,46.3,56.85,43.925000000000004,37.629107142857144,5,10,284,1
2014-10-12,22.5,35.9,19.0,21.2,19.5,41.925000000000004,36.880892857142854,6,10,285,1
2014-10-13,31.9,22.5,69.875,29.8,28.2,42.425000000000004,36.988035714285715,0,10,286,0
2014-10-14,31.8,31.9,41.7,61.3,59.3,37.0,37.120178571428575,1,10,287,0
2014-10-15,23.7,31.8,50.0,44.0,39.6,35.58571428571428,36.138035714285714,2,10,288,0
2014-10-16,58.921875,23.7,48.2,23.9,44.0,31.82857142857143,35.57017857142857,3,10,289,0
2014-10-17,42.0,58.921875,28.8,44.14,23.0,33.36026785714286,36.103102678571425,4,10,290,0
2014-10-18,21.4,42.0,35.9,49.9,20.6,35.245982142857144,36.781674107142855,5,10,291,1
2014-10-19,13.9,21.4,22.5,19.0,12.4,33.174553571428575,36.81024553571429,6,10,292,1
2014-10-20,35.4,13.9,31.9,69.875,34.2,31.94598214285714,36.86381696428571,0,10,293,0
2014-10-21,14.3,35.4,31.8,41.7,26.0,32.44598214285714,36.90667410714286,1,10,294,0
2014-10-22,20.9,14.3,23.7,50.0,24.7,29.945982142857144,36.48881696428571,2,10,295,0
2014-10-23,32.2,20.9,58.921875,48.2,49.15,29.545982142857138,36.35310267857143,3,10,296,0
2014-10-24,49.4,32.2,42.0,28.8,38.0,25.728571428571428,35.74774553571429,4,10,297,0
2014-10-25,31.0,49.4,21.4,35.9,46.3,26.785714285714285,36.15488839285714,5,10,298,1
2014-10-26,30.4,31.0,13.9,22.5,21.2,28.157142857142862,35.608459821428575,6,10,299,1
2014-10-27,25.3,30.4,35.4,31.9,29.8,30.514285714285716,35.937031250000004,0,10,300,0
2014-10-28,40.4,25.3,14.3,31.8,61.3,29.071428571428573,35.77631696428572,1,10,301,0
2014-10-29,41.0,40.4,20.9,23.7,44.0,32.8,35.02988839285714,2,10,302,0
2014-10-30,20.3,41.0,32.2,58.921875,23.9,35.67142857142857,34.922745535714284,3,10,303,0
2014-10-31,31.0,20.3,49.4,42.0,44.14,33.971428571428575,34.79417410714286,4,10,304,0
2014-11-01,43.8,31.0,31.0,21.4,49.9,31.342857142857145,34.32488839285715,5,11,305,1
2014-11-02,2.0,43.8,30.4,13.9,19.0,33.17142857142857,34.10703125,6,11,306,1
2014-11-03,27.8,2.0,25.3,35.4,69.875,29.114285714285717,33.499888392857144,0,11,307,0
2014-11-04,26.5,27.8,40.4,14.3,41.7,29.47142857142857,31.997209821428573,1,11,308,0
2014-11-05,27.0,26.5,41.0,20.9,50.0,27.485714285714288,31.45435267857143,2,11,309,0
2014-11-06,23.4,27.0,20.3,32.2,48.2,25.485714285714288,30.632924107142856,3,11,310,0
2014-11-07,15.8,23.4,31.0,49.4,28.8,25.928571428571423,29.747209821428573,4,11,311,0
2014-11-08,34.4,15.8,43.8,31.0,35.9,23.757142857142856,29.282924107142858,5,11,312,1
2014-11-09,23.0,34.4,2.0,30.4,22.5,22.414285714285715,29.229352678571427,6,11,313,1
2014-11-10,24.3,23.0,27.8,25.3,31.9,25.414285714285715,29.247209821428573,0,11,314,0
2014-11-11,23.0,24.3,26.5,40.4,31.8,24.91428571428571,28.975781250000004,1,11,315,0
2014-11-12,25.0,23.0,27.0,41.0,23.7,24.41428571428571,28.661495535714288,2,11,316,0
2014-11-13,33.2,25.0,23.4,20.3,58.921875,24.128571428571426,28.707924107142862,3,11,317,0
2014-11-14,29.4,33.2,15.8,31.0,42.0,25.528571428571432,27.789285714285715,4,11,318,0
2014-11-15,23.6,29.4,34.4,43.8,21.4,27.47142857142857,27.339285714285715,5,11,319,1
2014-11-16,18.6,23.6,23.0,2.0,13.9,25.928571428571427,27.41785714285714,6,11,320,1
2014-11-17,23.0,18.6,24.3,27.8,35.4,25.3,27.585714285714285,0,11,321,0
2014-11-18,19.3,23.0,23.0,26.5,14.3,25.114285714285717,27.142857142857142,1,11,322,0
2014-11-19,32.0,19.3,25.0,27.0,20.9,24.58571428571429,27.321428571428573,2,11,323,0
2014-11-20,18.8,32.0,33.2,23.4,32.2,25.58571428571429,27.717857142857138,3,11,324,0
2014-11-21,22.4,18.8,29.4,15.8,49.4,23.52857142857143,27.239285714285717,4,11,325,0
2014-11-22,23.7,22.4,23.6,34.4,31.0,22.52857142857143,26.275000000000002,5,11,326,1
2014-11-23,22.3,23.7,18.6,23.0,30.4,22.542857142857144,26.014285714285716,6,11,327,1
2014-11-24,30.6,22.3,23.0,24.3,25.3,23.071428571428573,25.724999999999998,0,11,328,0
2014-11-25,19.2,30.6,19.3,23.0,40.4,24.157142857142862,25.914285714285715,1,11,329,0
2014-11-26,21.0,19.2,32.0,25.0,41.0,24.142857142857142,25.157142857142862,2,11,330,0
2014-11-27,21.2,21.0,18.8,33.2,20.3,22.571428571428573,24.442857142857147,3,11,331,0
2014-11-28,15.9,21.2,22.4,29.4,31.0,22.91428571428571,24.474999999999998,4,11,332,0
2014-11-29,31.0,15.9,23.7,23.6,43.8,21.985714285714288,23.935714285714283,5,11,333,1
2014-11-30,22.6,31.0,22.3,18.6,2.0,23.02857142857143,23.478571428571428,6,11,334,1
2014-12-01,36.4,22.6,30.6,23.0,27.8,23.071428571428573,24.214285714285715,0,12,335,0
2014-12-02,7.8,36.4,19.2,19.3,26.5,23.9,24.521428571428572,1,12,336,0
2014-12-03,16.6,7.8,21.0,32.0,27.0,22.271428571428572,23.85357142857143,2,12,337,0
2014-12-04,28.7,16.6,21.2,18.8,23.4,21.642857142857142,23.48214285714286,3,12,338,0
2014-12-05,28.1,28.7,15.9,22.4,15.8,22.714285714285715,23.67142857142857,4,12,339,0
2014-12-06,12.4,28.1,31.0,23.7,34.4,24.457142857142856,24.110714285714288,5,12,340,1
2014-12-07,45.7,12.4,22.6,22.3,23.0,21.8,23.325,6,12,341,1
2014-12-08,20.3,45.7,36.4,30.6,24.3,25.1,24.13571428571429,0,12,342,0
2014-12-09,27.28,20.3,7.8,19.2,23.0,22.8,23.99285714285714,1,12,343,0
2014-12-10,51.2,27.28,16.6,21.0,25.0,25.58285714285714,24.145714285714284,2,12,344,0
2014-12-11,16.3,51.2,28.7,21.2,33.2,30.525714285714287,25.08142857142857,3,12,345,0
2014-12-12,41.4,16.3,28.1,15.9,29.4,28.754285714285718,24.477857142857143,4,12,346,0
2014-12-13,25.1,41.4,12.4,31.0,23.6,30.654285714285713,24.906428571428574,5,12,347,1
2014-12-14,40.0,25.1,45.7,22.6,18.6,32.46857142857143,24.96,6,12,348,1
2014-12-15,42.2,40.0,20.3,36.4,23.0,31.654285714285717,25.724285714285713,0,12,349,0
2014-12-16,23.0,42.2,27.28,7.8,19.3,34.78285714285715,26.41,1,12,350,0
2014-12-17,28.0,23.0,51.2,16.6,32.0,34.17142857142857,26.54214285714286,2,12,351,0
2014-12-18,26.6,28.0,16.3,28.7,18.8,30.857142857142858,26.399285714285718,3,12,352,0
2014-12-19,0.0,26.6,41.4,28.1,22.4,32.32857142857143,26.677857142857142,4,12,353,0
2014-12-20,31.3,0.0,25.1,12.4,23.7,26.414285714285718,25.877857142857145,5,12,354,1
2014-12-21,52.5,31.3,40.0,45.7,22.3,27.3,26.149285714285714,6,12,355,1
2014-12-22,19.6,52.5,42.2,20.3,30.6,29.085714285714285,27.227857142857143,0,12,356,0
2014-12-23,40.4,19.6,23.0,27.28,19.2,25.857142857142858,26.835,1,12,357,0
2014-12-24,41.6,40.4,28.0,51.2,21.0,28.342857142857145,27.592142857142857,2,12,358,0
2014-12-25,31.0,41.6,26.6,16.3,21.2,30.285714285714285,28.32785714285714,3,12,359,0
2014-12-26,30.7,31.0,0.0,41.4,15.9,30.91428571428571,28.677857142857142,4,12,360,0
2014-12-27,39.0,30.7,31.3,25.1,31.0,35.3,29.206428571428575,5,12,361,1
2014-12-28,80.4,39.0,52.5,40.0,22.6,36.4,29.49214285714286,6,12,362,1
2014-12-29,40.0,80.4,19.6,42.2,36.4,40.385714285714286,31.556428571428572,0,12,363,0
2014-12-30,51.0,40.0,40.4,23.0,7.8,43.3,31.685000000000002,1,12,364,0
2014-12-31,41.08,51.0,41.6,28.0,16.6,44.81428571428571,33.22785714285714,2,12,365,0
2015-01-01,0.0,41.08,31.0,26.6,28.7,44.739999999999995,34.10214285714285,3,1,1,0
2015-01-02,50.8,0.0,30.7,0.0,28.1,40.311428571428564,33.07714285714286,4,1,2,0
2015-01-03,57.24,50.8,39.0,31.3,12.4,43.18285714285714,33.88785714285714,5,1,3,1
2015-01-04,60.1,57.24,80.4,52.5,45.7,45.78857142857142,35.489285714285714,6,1,4,1
2015-01-05,33.6,60.1,40.0,19.6,20.3,42.88857142857143,36.003571428571426,0,1,5,0
2015-01-06,42.0,33.6,51.0,40.4,27.28,41.97428571428571,36.47857142857143,1,1,6,0
2015-01-07,0.0,42.0,41.08,41.6,51.2,40.68857142857143,37.00428571428572,2,1,7,0
2015-01-08,46.4,0.0,0.0,31.0,16.3,34.82,35.175714285714285,3,1,8,0
2015-01-09,36.2,46.4,50.8,30.7,41.4,41.44857142857143,36.25071428571429,4,1,9,0
2015-01-10,32.6,36.2,57.24,39.0,25.1,39.36285714285714,36.065,5,1,10,1
2015-01-11,43.6,32.6,60.1,80.4,40.0,35.84285714285714,36.332857142857144,6,1,11,1
2015-01-12,36.6,43.6,33.6,40.0,42.2,33.48571428571429,36.46142857142858,0,1,12,0
2015-01-13,34.0,36.6,42.0,51.0,23.0,33.91428571428572,36.261428571428574,1,1,13,0
2015-01-14,23.0,34.0,0.0,41.08,28.0,32.77142857142857,36.65428571428571,2,1,14,0
2015-01-15,55.25,23.0,46.4,0.0,26.6,36.05714285714286,36.47571428571429,3,1,15,0
2015-01-16,43.0,55.25,36.2,50.8,0.0,37.32142857142857,37.49892857142857,4,1,16,0
2015-01-17,19.2,43.0,32.6,57.24,31.3,38.292857142857144,39.034642857142856,5,1,17,1
2015-01-18,20.4,19.2,43.6,60.1,52.5,36.378571428571426,38.602500000000006,6,1,18,1
2015-01-19,32.0,20.4,36.6,33.6,19.6,33.06428571428572,37.45607142857143,0,1,19,0
2015-01-20,38.0,32.0,34.0,42.0,40.4,32.40714285714286,37.89892857142856,1,1,20,0
2015-01-21,37.45,38.0,23.0,0.0,41.6,32.97857142857143,37.81321428571429,2,1,21,0
2015-01-22,21.4,37.45,55.25,46.4,31.0,35.042857142857144,37.665000000000006,3,1,22,0
2015-01-23,30.0,21.4,43.0,36.2,30.7,30.207142857142856,37.32214285714286,4,1,23,0
2015-01-24,49.7,30.0,19.2,32.6,39.0,28.349999999999998,37.29714285714285,5,1,24,1
2015-01-25,38.0,49.7,20.4,43.6,80.4,32.70714285714286,37.67928571428571,6,1,25,1
2015-01-26,34.4,38.0,32.0,36.6,40.0,35.221428571428575,36.165,0,1,26,0
2015-01-27,20.0,34.4,38.0,34.0,51.0,35.56428571428571,35.964999999999996,1,1,27,0
2015-01-28,32.0,20.0,37.45,23.0,41.08,32.99285714285714,34.85785714285714,2,1,28,0
2015-01-29,24.4,32.0,21.4,55.25,0.0,32.214285714285715,34.53357142857143,3,1,29,0
2015-01-30,20.5,24.4,30.0,43.0,50.8,32.642857142857146,35.405,4,1,30,0
2015-01-31,32.4,20.5,49.7,19.2,57.24,31.285714285714285,34.32285714285714,5,1,31,1
2015-02-01,35.6,32.4,38.0,20.4,60.1,28.814285714285713,33.43571428571429,6,2,32,1
2015-02-02,20.9,35.6,34.4,32.0,33.6,28.471428571428568,32.56071428571428,0,2,33,0
2015-02-03,24.2,20.9,20.0,38.0,42.0,26.54285714285714,32.107142857142854,1,2,34,0
2015-02-04,38.8,24.2,32.0,37.45,0.0,27.142857142857142,31.47142857142857,2,2,35,0
2015-02-05,24.85,38.8,24.4,21.4,46.4,28.114285714285717,32.857142857142854,3,2,36,0
2015-02-06,23.0,24.85,20.5,30.0,36.2,28.178571428571427,32.0875,4,2,37,0
2015-02-07,33.6,23.0,32.4,49.7,32.6,28.535714285714285,31.616071428571427,5,2,38,1
2015-02-08,29.9,33.6,35.6,38.0,43.6,28.707142857142856,31.651785714285715,6,2,39,1
2015-02-09,20.7,29.9,20.9,34.4,36.6,27.892857142857142,31.162499999999998,0,2,40,0
2015-02-10,33.0,20.7,24.2,20.0,34.0,27.864285714285717,30.594642857142855,1,2,41,0
2015-02-11,48.5,33.0,38.8,32.0,23.0,29.121428571428574,30.55892857142857,2,2,42,0
2015-02-12,23.82,48.5,24.85,24.4,55.25,30.50714285714286,31.469642857142855,3,2,43,0
2015-02-13,29.6,23.82,23.0,20.5,43.0,30.360000000000003,30.347142857142853,4,2,44,0
2015-02-14,29.2,29.6,33.6,32.4,19.2,31.302857142857142,29.868571428571425,5,2,45,1
2015-02-15,38.0,29.2,29.9,35.6,20.4,30.67428571428571,30.225714285714286,6,2,46,1
2015-02-16,40.1,38.0,20.7,20.9,32.0,31.83142857142857,30.854285714285716,0,2,47,0
2015-02-17,36.2,40.1,33.0,24.2,38.0,34.60285714285714,31.14357142857143,1,2,48,0
2015-02-18,36.212,36.2,48.5,38.8,37.45,35.06,31.07928571428571,2,2,49,0
2015-02-19,36.7,36.212,23.82,24.85,21.4,33.304571428571435,31.035071428571428,3,2,50,0
2015-02-20,27.0,36.7,29.6,23.0,30.0,35.14457142857143,31.581500000000002,4,2,51,0
2015-02-21,57.0,27.0,29.2,33.6,49.7,34.77314285714286,31.474357142857144,5,2,52,1
2015-02-22,50.6,57.0,38.0,29.9,38.0,38.74457142857143,31.735071428571427,6,2,53,1
2015-02-23,55.4,50.6,40.1,20.7,34.4,40.54457142857143,32.185071428571426,0,2,54,0
2015-02-24,22.07,55.4,36.2,33.0,20.0,42.73028571428572,32.935071428571426,1,2,55,0
2015-02-25,24.0,22.07,36.212,48.5,32.0,40.71171428571429,33.009,2,2,56,0
2015-02-26,36.7,24.0,36.7,23.82,24.4,38.96714285714285,32.723285714285716,3,2,57,0
2015-02-27,51.0,36.7,27.0,29.6,20.5,38.96714285714285,33.16257142857143,4,2,58,0
2015-02-28,26.6,51.0,57.0,29.2,32.4,42.395714285714284,34.25185714285714,5,2,59,1
2015-03-01,25.9,26.6,50.6,38.0,35.6,38.05285714285714,34.044714285714285,6,3,60,1
2015-03-02,40.7,25.9,55.4,40.1,20.9,34.52428571428571,33.69828571428572,0,3,61,0
2015-03-03,45.6,40.7,22.07,36.2,24.2,32.424285714285716,34.40542857142857,1,3,62,0
2015-03-04,46.85,45.6,24.0,36.212,38.8,35.78571428571429,35.169714285714285,2,3,63,0
2015-03-05,35.0,46.85,36.7,36.7,24.85,39.050000000000004,35.45721428571428,3,3,64,0
2015-03-06,19.8,35.0,51.0,27.0,23.0,38.80714285714286,35.819714285714284,4,3,65,0
2015-03-07,2.0,19.8,26.6,57.0,33.6,34.35,35.70542857142858,5,3,66,1
2015-03-08,55.4,2.0,25.9,50.6,29.9,30.83571428571429,34.57685714285714,6,3,67,1
2015-03-09,32.7,55.4,40.7,55.4,20.7,35.050000000000004,35.48757142857143,0,3,68,0
2015-03-10,40.4,32.7,45.6,22.07,33.0,33.90714285714286,35.91614285714286,1,3,69,0
2015-03-11,32.0,40.4,46.85,24.0,48.5,33.16428571428572,36.18042857142857,2,3,70,0
2015-03-12,19.0,32.0,35.0,36.7,23.82,31.042857142857144,35.591142857142856,3,3,71,0
2015-03-13,63.4,19.0,19.8,51.0,29.6,28.75714285714286,35.419000000000004,4,3,72,0
2015-03-14,39.1,63.4,2.0,26.6,29.2,34.98571428571428,36.62614285714286,5,3,73,1
2015-03-15,41.0,39.1,55.4,25.9,38.0,40.285714285714285,36.97971428571429,6,3,74,1
2015-03-16,46.8,41.0,32.7,40.7,40.1,38.228571428571435,37.08685714285714,0,3,75,0
2015-03-17,28.8,46.8,40.4,45.6,36.2,40.24285714285714,37.32614285714286,1,3,76,0
2015-03-18,24.4,28.8,32.0,46.85,36.212,38.58571428571428,37.06185714285714,2,3,77,0
2015-03-19,31.0,24.4,19.0,35.0,36.7,37.5,36.64,3,3,78,0
2015-03-20,38.6,31.0,63.4,19.8,27.0,39.214285714285715,36.43642857142857,4,3,79,0
2015-03-21,41.6,38.6,39.1,2.0,57.0,35.67142857142857,36.85071428571428,5,3,80,1
2015-03-22,43.2,41.6,41.0,55.4,50.6,36.028571428571425,36.300714285714285,6,3,81,1
2015-03-23,28.0,43.2,46.8,32.7,55.4,36.34285714285714,36.03642857142857,0,3,82,0
2015-03-24,22.4,28.0,28.8,40.4,22.07,33.65714285714286,35.057857142857145,1,3,83,0
2015-03-25,17.6,22.4,24.4,32.0,24.0,32.74285714285714,35.06964285714285,2,3,84,0
2015-03-26,51.4,17.6,31.0,19.0,36.7,31.771428571428572,34.841071428571425,3,3,85,0
2015-03-27,27.0,51.4,38.6,63.4,51.0,34.68571428571429,35.36607142857143,4,3,86,0
2015-03-28,50.5,27.0,41.6,39.1,26.6,33.028571428571425,34.50892857142857,5,3,87,1
2015-03-29,35.5,50.5,43.2,41.0,25.9,34.300000000000004,35.3625,6,3,88,1
2015-03-30,25.7,35.5,28.0,46.8,40.7,33.199999999999996,35.705357142857146,0,3,89,0
2015-03-31,33.5,25.7,22.4,28.8,45.6,32.871428571428574,35.169642857142854,1,3,90,0
2015-04-01,24.8,33.5,17.6,24.4,46.85,34.457142857142856,34.7375,2,4,91,0
2015-04-02,35.07,24.8,51.4,31.0,35.0,35.48571428571429,33.949999999999996,3,4,92,0
2015-04-03,34.2,35.07,27.0,38.6,19.8,33.152857142857144,33.9525,4,4,93,0
2015-04-04,43.0,34.2,50.5,41.6,2.0,34.18142857142857,34.46678571428571,5,4,94,1
2015-04-05,31.6,43.0,35.5,43.2,55.4,33.11,35.93107142857143,6,4,95,1
2015-04-06,32.9,31.6,25.7,28.0,32.7,32.55285714285714,35.08107142857143,0,4,96,0
2015-04-07,25.0,32.9,33.5,22.4,40.4,33.58142857142857,35.08821428571429,1,4,97,0
2015-04-08,18.0,25.0,24.8,17.6,32.0,32.36714285714286,34.53821428571429,2,4,98,0
2015-04-09,22.2,18.0,35.07,51.4,19.0,31.395714285714284,34.03821428571429,3,4,99,0
2015-04-10,65.6,22.2,34.2,27.0,63.4,29.557142857142857,34.152499999999996,4,4,100,0
2015-04-11,26.0,65.6,43.0,50.5,39.1,34.04285714285714,34.23107142857143,5,4,101,1
2015-04-12,0.0,26.0,31.6,35.5,41.0,31.614285714285717,33.763214285714284,6,4,102,1
2015-04-13,25.2,0.0,32.9,25.7,46.8,27.099999999999998,32.29892857142857,0,4,103,0
2015-04-14,41.8,25.2,25.0,33.5,28.8,26.0,31.527500000000003,1,4,104,0
2015-04-15,29.25,41.8,18.0,24.8,24.4,28.400000000000002,31.991785714285715,2,4,105,0
2015-04-16,30.6,29.25,22.2,35.07,31.0,30.00714285714286,32.165,3,4,106,0
2015-04-17,29.65,30.6,65.6,34.2,38.6,31.207142857142856,32.15071428571429,4,4,107,0
2015-04-18,31.3,29.65,26.0,43.0,41.6,26.071428571428573,31.831071428571427,5,4,108,1
2015-04-19,36.5,31.3,0.0,31.6,43.2,26.82857142857143,31.463214285714283,6,4,109,1
2015-04-20,38.0,36.5,25.2,32.9,28.0,32.042857142857144,31.22392857142857,0,4,110,0
2015-04-21,35.2,38.0,41.8,25.0,22.4,33.871428571428574,31.581071428571427,1,4,111,0
2015-04-22,32.0,35.2,29.25,18.0,17.6,32.92857142857143,32.03821428571429,2,4,112,0
2015-04-23,28.2,32.0,30.6,22.2,51.4,33.32142857142857,32.5525,3,4,113,0
2015-04-24,30.0,28.2,29.65,65.6,27.0,32.97857142857143,31.723928571428576,4,4,114,0
2015-04-25,38.1,30.0,31.3,26.0,50.5,33.028571428571425,31.83107142857143,5,4,115,1
2015-04-26,37.6,38.1,36.5,0.0,35.5,34.0,31.388214285714287,6,4,116,1
2015-04-27,43.0,37.6,38.0,25.2,25.7,34.15714285714286,31.463214285714287,0,4,117,0
2015-04-28,15.2,43.0,35.2,41.8,33.5,34.871428571428574,32.08107142857143,1,4,118,0
2015-04-29,27.6,15.2,32.0,29.25,24.8,32.01428571428571,31.427500000000002,2,4,119,0
2015-04-30,32.6,27.6,28.2,30.6,35.07,31.385714285714283,31.527500000000003,3,4,120,0
2015-05-01,11.4,32.6,30.0,29.65,34.2,32.01428571428572,31.439285714285713,4,5,121,0
2015-05-02,47.8,11.4,38.1,31.3,43.0,29.357142857142858,30.625,5,5,122,1
2015-05-03,19.2,47.8,37.6,36.5,31.6,30.74285714285714,30.79642857142857,6,5,123,1
2015-05-04,36.0,19.2,43.0,38.0,32.9,28.11428571428571,30.35357142857143,0,5,124,0
2015-05-05,19.0,36.0,15.2,35.2,25.0,27.11428571428571,30.464285714285715,1,5,125,0
2015-05-06,40.2,19.0,27.6,32.0,18.0,27.657142857142855,30.25,2,5,126,0
2015-05-07,21.0,40.2,32.6,28.2,22.2,29.457142857142856,31.04285714285714,3,5,127,0
2015-05-08,16.0,21.0,11.4,30.0,65.6,27.799999999999994,31.0,4,5,128,0
2015-05-09,21.0,16.0,47.8,38.1,26.0,28.457142857142856,29.228571428571428,5,5,129,1
2015-05-10,13.0,21.0,19.2,37.6,0.0,24.628571428571426,29.05,6,5,130,1
2015-05-11,21.0,13.0,36.0,43.0,25.2,23.74285714285714,29.514285714285712,0,5,131,0
2015-05-12,22.95,21.0,19.0,15.2,41.8,21.599999999999998,29.36428571428571,1,5,132,0
2015-05-13,28.4,22.95,40.2,27.6,29.25,22.164285714285715,28.69107142857143,2,5,133,0
2015-05-14,14.0,28.4,21.0,32.6,30.6,20.478571428571428,28.660714285714285,3,5,134,0
2015-05-15,48.4,14.0,16.0,11.4,29.65,19.478571428571428,28.067857142857143,4,5,135,0
2015-05-16,40.4,48.4,21.0,47.8,31.3,24.107142857142858,28.7375,5,5,136,1
2015-05-17,23.2,40.4,13.0,19.2,36.5,26.87857142857143,29.0625,6,5,137,1
2015-05-18,21.4,23.2,21.0,36.0,38.0,28.335714285714285,28.587500000000002,0,5,138,0
2015-05-19,20.0,21.4,22.95,19.0,35.2,28.392857142857142,27.994642857142857,1,5,139,0
2015-05-20,17.0,20.0,28.4,40.2,32.0,27.97142857142857,27.451785714285712,2,5,140,0
2015-05-21,10.0,17.0,14.0,21.0,28.2,26.342857142857145,26.916071428571428,3,5,141,0
2015-05-22,15.0,10.0,48.4,16.0,30.0,25.771428571428572,26.266071428571426,4,5,142,0
2015-05-23,23.45,15.0,40.4,21.0,38.1,21.0,25.73035714285714,5,5,143,1
2015-05-24,20.0,23.45,23.2,13.0,37.6,18.578571428571426,25.20714285714286,6,5,144,1
2015-05-25,30.0,20.0,21.4,21.0,43.0,18.12142857142857,24.57857142857143,0,5,145,0
2015-05-26,27.0,30.0,20.0,22.95,15.2,19.349999999999998,24.114285714285717,1,5,146,0
2015-05-27,24.2,27.0,17.0,28.4,27.6,20.349999999999998,24.535714285714285,2,5,147,0
2015-05-28,17.1,24.2,10.0,14.0,32.6,21.37857142857143,24.41428571428571,3,5,148,0
2015-05-29,41.8,17.1,15.0,48.4,11.4,22.392857142857142,23.860714285714288,4,5,149,0
2015-05-30,24.5,41.8,23.45,40.4,47.8,26.22142857142857,24.946428571428573,5,5,150,1
2015-05-31,31.5,24.5,20.0,23.2,19.2,26.371428571428574,24.114285714285717,6,5,151,1
2015-06-01,23.55,31.5,30.0,21.4,36.0,28.014285714285716,24.553571428571427,0,6,152,0
2015-06-02,24.0,23.55,27.0,20.0,19.0,27.092857142857145,24.10892857142857,1,6,153,0
2015-06-03,30.0,24.0,24.2,17.0,40.2,26.664285714285715,24.287499999999998,2,6,154,0
2015-06-04,20.0,30.0,17.1,10.0,21.0,27.49285714285714,23.923214285714288,3,6,155,0
2015-06-05,13.0,20.0,41.8,15.0,16.0,27.907142857142855,23.8875,4,6,156,0
2015-06-06,16.0,13.0,24.5,23.45,21.0,23.792857142857144,23.780357142857145,5,6,157,1
2015-06-07,17.0,16.0,31.5,20.0,13.0,22.57857142857143,23.601785714285715,6,6,158,1
2015-06-08,31.0,17.0,23.55,30.0,21.0,20.50714285714286,23.744642857142857,0,6,159,0
2015-06-09,26.6,31.0,24.0,27.0,22.95,21.571428571428573,24.101785714285715,1,6,160,0
2015-06-10,18.676,26.6,30.0,24.2,28.4,21.942857142857143,24.232142857142858,2,6,161,0
2015-06-11,38.3,18.676,20.0,17.1,14.0,20.325142857142858,23.88485714285714,3,6,162,0
2015-06-12,17.5,38.3,13.0,41.8,48.4,22.93942857142857,24.752714285714287,4,6,163,0
2015-06-13,21.4,17.5,16.0,24.5,40.4,23.582285714285714,23.64914285714286,5,6,164,1
2015-06-14,14.0,21.4,17.0,31.5,23.2,24.353714285714286,22.97057142857143,6,6,165,1
2015-06-15,37.0,14.0,31.0,23.55,21.4,23.925142857142855,22.642,0,6,166,0
2015-06-16,20.0,37.0,26.6,24.0,20.0,24.782285714285713,23.199142857142856,1,6,167,0
2015-06-17,24.0,20.0,18.676,30.0,17.0,23.839428571428574,23.199142857142856,2,6,168,0
2015-06-18,24.6,24.0,38.3,20.0,10.0,24.599999999999998,23.449142857142856,3,6,169,0
2015-06-19,24.0,24.6,17.5,13.0,15.0,22.642857142857142,23.97057142857143,4,6,170,0
2015-06-20,26.8,24.0,21.4,16.0,23.45,23.571428571428573,24.292,5,6,171,1
2015-06-21,18.0,26.8,14.0,17.0,20.0,24.342857142857145,24.411642857142855,6,6,172,1
2015-06-22,29.062,18.0,37.0,31.0,30.0,24.914285714285715,24.340214285714286,0,6,173,0
2015-06-23,19.0,29.062,20.0,26.6,27.0,23.780285714285714,24.306714285714285,1,6,174,0
2015-06-24,23.8,19.0,24.0,18.676,24.2,23.63742857142857,24.020999999999997,2,6,175,0
2015-06-25,24.125,23.8,24.6,38.3,17.1,23.608857142857143,24.006714285714285,3,6,176,0
2015-06-26,29.0,24.125,24.0,17.5,41.8,23.541,24.257607142857143,4,6,177,0
2015-06-27,36.0,29.0,26.8,21.4,24.5,24.255285714285716,23.800464285714288,5,6,178,1
2015-06-28,12.0,36.0,18.0,14.0,31.5,25.56957142857143,24.211178571428572,6,6,179,1
2015-06-29,22.0,12.0,29.062,37.0,23.55,24.71242857142857,23.51475,0,6,180,0
2015-06-30,35.0,22.0,19.0,20.0,24.0,23.70357142857143,23.459392857142856,1,6,181,0
2015-07-01,18.25,35.0,23.8,24.0,30.0,25.989285714285717,23.852249999999998,2,7,182,0
2015-07-02,23.15,18.25,24.125,24.6,20.0,25.196428571428573,23.43260714285714,3,7,183,0
2015-07-03,24.5,23.15,29.0,24.0,13.0,25.057142857142857,23.545107142857145,4,7,184,0
2015-07-04,15.2,24.5,36.0,26.8,16.0,24.414285714285715,23.95582142857143,5,7,185,1
2015-07-05,14.0,15.2,12.0,18.0,17.0,21.442857142857143,23.927249999999997,6,7,186,1
2015-07-06,20.0,14.0,22.0,29.062,31.0,21.728571428571428,23.820107142857143,0,7,187,0
2015-07-07,19.6,20.0,35.0,19.0,26.6,21.442857142857143,23.427249999999997,1,7,188,0
2015-07-08,18.6,19.6,18.25,23.8,18.676,19.24285714285714,23.177249999999997,2,7,189,0
2015-07-09,32.75,18.6,23.15,24.125,38.3,19.292857142857144,23.174535714285717,3,7,190,0
2015-07-10,37.0,32.75,24.5,29.0,17.5,20.66428571428571,22.976321428571428,4,7,191,0
2015-07-11,45.0,37.0,15.2,36.0,21.4,22.449999999999996,23.67275,5,7,192,1
2015-07-12,25.3,45.0,14.0,12.0,14.0,26.707142857142856,24.515607142857142,6,7,193,1
2015-07-13,22.55,25.3,20.0,22.0,37.0,28.321428571428573,24.91917857142857,0,7,194,0
2015-07-14,14.0,22.55,19.6,35.0,20.0,28.685714285714287,24.403107142857145,1,7,195,0
2015-07-15,20.2,14.0,18.6,18.25,24.0,27.88571428571429,24.18882142857143,2,7,196,0
2015-07-16,18.0,20.2,32.75,23.15,24.6,28.11428571428571,24.05310714285714,3,7,197,0
2015-07-17,28.0,18.0,37.0,24.5,24.0,26.00714285714286,23.817392857142856,4,7,198,0
2015-07-18,25.0,28.0,45.0,15.2,26.8,24.72142857142857,23.96025,5,7,199,1
2015-07-19,15.0,25.0,25.3,14.0,18.0,21.864285714285717,23.895964285714285,6,7,200,1
2015-07-20,41.0,15.0,22.55,20.0,29.062,20.392857142857142,23.788821428571428,0,7,201,0
2015-07-21,14.25,41.0,14.0,19.6,19.0,23.02857142857143,24.21517857142857,1,7,202,0
2015-07-22,22.0,14.25,20.2,18.6,23.8,23.064285714285713,24.045535714285712,2,7,203,0
2015-07-23,14.0,22.0,18.0,32.75,24.125,23.321428571428573,23.98125,3,7,204,0
2015-07-24,29.6,14.0,28.0,37.0,29.0,22.75,23.619642857142857,4,7,205,0
2015-07-25,22.0,29.6,25.0,45.0,36.0,22.978571428571428,23.64107142857143,5,7,206,1
2015-07-26,29.0,22.0,15.0,25.3,12.0,22.55,23.14107142857143,6,7,207,1
2015-07-27,24.0,29.0,41.0,22.55,22.0,24.55,23.748214285714287,0,7,208,0
2015-07-28,15.2,24.0,14.25,14.0,35.0,22.12142857142857,23.81964285714286,1,7,209,0
2015-07-29,21.378,15.2,22.0,20.2,18.25,22.25714285714286,23.112500000000004,2,7,210,0
2015-07-30,16.3,21.378,14.0,18.0,23.15,22.168285714285712,23.224214285714286,3,7,211,0
2015-07-31,24.0,16.3,29.6,28.0,24.5,22.496857142857145,22.97957142857143,4,7,212,0
2015-08-01,19.0,24.0,22.0,25.0,15.2,21.696857142857144,22.961714285714287,5,8,213,1
2015-08-02,15.0,19.0,29.0,15.0,14.0,21.268285714285717,23.097428571428573,6,8,214,1
2015-08-03,23.0,15.0,24.0,41.0,20.0,19.268285714285717,23.13314285714286,0,8,215,0
2015-08-04,23.0,23.0,15.2,14.25,19.6,19.125428571428575,23.240285714285715,1,8,216,0
2015-08-05,22.2,23.0,21.378,22.0,18.6,20.239714285714285,23.36171428571429,2,8,217,0
2015-08-06,35.0,22.2,16.3,14.0,32.75,20.357142857142858,23.49028571428571,3,8,218,0
2015-08-07,22.0,35.0,24.0,29.6,37.0,23.02857142857143,23.570642857142854,4,8,219,0
2015-08-08,22.0,22.0,19.0,22.0,45.0,22.74285714285714,23.03492857142857,5,8,220,1
2015-08-09,21.0,22.0,15.0,29.0,25.3,23.17142857142857,22.2135,6,8,221,1
2015-08-10,29.0,21.0,23.0,24.0,22.55,24.02857142857143,22.05992857142857,0,8,222,0
2015-08-11,18.1,29.0,23.0,15.2,14.0,24.885714285714283,22.290285714285712,1,8,223,0
2015-08-12,28.2,18.1,22.2,21.378,20.2,24.185714285714283,22.436714285714285,2,8,224,0
2015-08-13,23.438,28.2,35.0,16.3,18.0,25.042857142857144,22.722428571428573,3,8,225,0
2015-08-14,16.7,23.438,22.0,24.0,28.0,23.391142857142857,22.916642857142858,4,8,226,0
2015-08-15,35.0,16.7,22.0,19.0,25.0,22.633999999999997,22.51307142857143,5,8,227,1
2015-08-16,19.25,35.0,21.0,15.0,15.0,24.491142857142854,22.870214285714287,6,8,228,1
2015-08-17,33.0,19.25,29.0,23.0,41.0,24.241142857142854,23.022,0,8,229,0
2015-08-18,24.0,33.0,18.1,23.0,14.25,24.812571428571427,22.736285714285714,1,8,230,0
2015-08-19,28.0,24.0,28.2,22.2,22.0,25.655428571428576,23.0845,2,8,231,0
2015-08-20,19.0,28.0,23.438,35.0,14.0,25.62685714285714,23.298785714285714,3,8,232,0
2015-08-21,34.0,19.0,16.7,22.0,29.6,24.99285714285714,23.47735714285714,4,8,233,0
2015-08-22,28.0,34.0,35.0,22.0,22.0,27.464285714285715,23.6345,5,8,234,1
2015-08-23,28.0,28.0,19.25,21.0,29.0,26.464285714285715,23.848785714285714,6,8,235,1
2015-08-24,45.1,28.0,33.0,29.0,24.0,27.714285714285715,23.813071428571426,0,8,236,0
2015-08-25,23.5,45.1,24.0,18.1,15.2,29.442857142857147,24.566642857142856,1,8,237,0
2015-08-26,27.0,23.5,28.0,28.2,21.378,29.371428571428574,24.863071428571427,2,8,238,0
2015-08-27,32.0,27.0,19.0,23.438,16.3,29.22857142857143,25.06385714285714,3,8,239,0
2015-08-28,15.1,32.0,34.0,16.7,24.0,31.08571428571429,25.624571428571425,4,8,240,0
2015-08-29,23.2,15.1,28.0,35.0,19.0,28.38571428571429,25.306714285714285,5,8,241,1
2015-08-30,21.0,23.2,28.0,19.25,15.0,27.699999999999996,25.45671428571428,6,8,242,1
2015-08-31,38.0,21.0,45.1,33.0,23.0,26.699999999999996,25.670999999999996,0,8,243,0
2015-09-01,28.25,38.0,23.5,24.0,23.0,25.685714285714283,26.20671428571428,1,9,244,0
2015-09-02,31.3,28.25,27.0,28.0,22.2,26.36428571428571,26.39421428571428,2,9,245,0
2015-09-03,19.0,31.3,32.0,19.0,35.0,26.978571428571428,26.719214285714287,3,9,246,0
2015-09-04,20.0,19.0,15.1,34.0,22.0,25.12142857142857,26.147785714285714,4,9,247,0
2015-09-05,20.0,20.0,23.2,28.0,22.0,25.821428571428573,26.076357142857145,5,9,248,1
2015-09-06,23.6,20.0,21.0,28.0,21.0,25.364285714285717,26.00492857142857,6,9,249,1
2015-09-07,32.8,23.6,38.0,45.1,29.0,25.735714285714288,26.097785714285717,0,9,250,0
2015-09-08,29.2,32.8,28.25,23.5,18.1,24.99285714285714,26.2335,1,9,251,0
2015-09-09,34.7,29.2,31.3,27.0,28.2,25.12857142857143,26.62992857142857,2,9,252,0
2015-09-10,21.2,34.7,19.0,32.0,23.438,25.614285714285717,26.862071428571426,3,9,253,0
2015-09-11,30.0,21.2,20.0,15.1,16.7,25.928571428571427,26.782142857142855,4,9,254,0
2015-09-12,63.3,30.0,20.0,23.2,35.0,27.357142857142858,27.25714285714286,5,9,255,1
2015-09-13,25.0,63.3,23.6,21.0,19.25,33.542857142857144,28.267857142857142,6,9,256,1
2015-09-14,31.3,25.0,32.8,38.0,33.0,33.74285714285714,28.473214285714285,0,9,257,0
2015-09-15,23.8,31.3,29.2,28.25,24.0,33.528571428571425,28.4125,1,9,258,0
2015-09-16,16.6,23.8,34.7,31.3,28.0,32.75714285714286,28.405357142857145,2,9,259,0
2015-09-17,35.5,16.6,21.2,19.0,19.0,30.171428571428574,27.998214285714287,3,9,260,0
2015-09-18,16.0,35.5,30.0,20.0,34.0,32.214285714285715,28.587500000000002,4,9,261,0
2015-09-19,37.0,16.0,63.3,20.0,28.0,30.214285714285715,27.94464285714286,5,9,262,1
2015-09-20,28.9,37.0,25.0,23.6,28.0,26.457142857142856,28.26607142857143,6,9,263,1
2015-09-21,46.7,28.9,31.3,32.8,45.1,27.014285714285712,28.298214285714288,0,9,264,0
2015-09-22,19.5,46.7,23.8,29.2,23.5,29.214285714285715,28.355357142857144,1,9,265,0
2015-09-23,34.65,19.5,16.6,34.7,27.0,28.599999999999998,28.212500000000002,2,9,266,0
2015-09-24,37.6,34.65,35.5,21.2,32.0,31.178571428571427,28.485714285714288,3,9,267,0
2015-09-25,25.2,37.6,16.0,30.0,15.1,31.478571428571428,28.685714285714287,4,9,268,0
2015-09-26,33.0,25.2,37.0,63.3,23.2,32.792857142857144,29.04642857142857,5,9,269,1
2015-09-27,10.425,33.0,28.9,25.0,21.0,32.221428571428575,29.396428571428572,6,9,270,1
2015-09-28,15.4,10.425,46.7,31.3,38.0,29.582142857142856,29.018750000000004,0,9,271,0
2015-09-29,39.7,15.4,19.5,23.8,28.25,25.110714285714288,28.211607142857144,1,9,272,0
2015-09-30,22.5,39.7,34.65,16.6,31.3,27.996428571428574,28.620535714285715,2,9,273,0
2015-10-01,34.562,22.5,37.6,35.5,19.0,26.260714285714283,28.306250000000002,3,10,274,0
2015-10-02,37.3,34.562,25.2,16.0,20.0,25.826714285714285,28.862035714285714,4,10,275,0
2015-10-03,37.2,37.3,33.0,37.0,20.0,27.555285714285713,29.479892857142858,5,10,276,1
2015-10-04,59.0,37.2,10.425,28.9,23.6,28.155285714285714,30.094178571428568,6,10,277,1
2015-10-05,70.95,59.0,15.4,46.7,32.8,35.09457142857143,31.358464285714284,0,10,278,0
2015-10-06,42.725,70.95,39.7,19.5,29.2,43.03028571428571,32.72096428571429,1,10,279,0
2015-10-07,44.3,42.725,22.5,34.65,34.7,43.462428571428575,33.204,2,10,280,0
2015-10-08,30.7,44.3,34.562,37.6,21.2,46.57671428571429,33.54685714285714,3,10,281,0
2015-10-09,28.062,30.7,37.3,25.2,30.0,46.025,33.88614285714286,4,10,282,0
2015-10-10,46.3,28.062,37.2,33.0,63.3,44.705285714285715,33.81692857142857,5,10,283,1
2015-10-11,70.3,46.3,59.0,10.425,25.0,46.00528571428571,33.209785714285715,6,10,284,1
2015-10-12,68.85,70.3,70.95,15.4,31.3,47.619571428571426,34.827642857142855,0,10,285,0
2015-10-13,63.8,68.85,42.725,39.7,23.8,47.31957142857142,36.16871428571428,1,10,286,0
2015-10-14,38.6,63.8,44.3,22.5,16.6,50.33028571428571,37.59728571428571,2,10,287,0
2015-10-15,64.724,38.6,30.7,34.562,35.5,49.516,38.383,3,10,288,0
2015-10-16,57.3,64.724,28.062,37.3,16.0,54.376571428571424,39.42671428571429,4,10,289,0
2015-10-17,74.3,57.3,46.3,37.2,37.0,58.55342857142857,40.901714285714284,5,10,290,1
2015-10-18,55.6,74.3,70.3,59.0,28.9,62.553428571428576,42.23385714285714,6,10,291,1
2015-10-19,62.6,55.6,68.85,70.95,46.7,60.45342857142857,43.187428571428576,0,10,292,0
2015-10-20,44.7,62.6,63.8,42.725,19.5,59.56057142857143,43.75528571428571,1,10,293,0
2015-10-21,36.8,44.7,38.6,44.3,34.65,56.832,44.65528571428571,2,10,294,0
2015-10-22,35.262,36.8,64.724,30.7,37.6,56.57485714285714,44.73207142857143,3,10,295,0
2015-10-23,41.4,35.262,57.3,28.062,25.2,52.366,44.64857142857142,4,10,296,0
2015-10-24,67.4,41.4,74.3,46.3,33.0,50.09457142857143,45.22714285714285,5,10,297,1
2015-10-25,64.6,67.4,55.6,70.3,10.425,49.10885714285713,46.455714285714286,6,10,298,1
2015-10-26,53.3,64.6,62.6,68.85,15.4,50.39457142857143,48.39053571428571,0,10,299,0
2015-10-27,64.4,53.3,44.7,63.8,39.7,49.065999999999995,49.744107142857146,1,10,300,0
2015-10-28,33.0,64.4,36.8,38.6,22.5,51.88028571428571,50.626250000000006,2,10,301,0
2015-10-29,38.3,33.0,35.262,64.724,34.562,51.33742857142857,51.001250000000006,3,10,302,0
2015-10-30,49.6,38.3,41.4,57.3,37.3,51.771428571428565,51.13475,4,10,303,0
2015-10-31,58.4,49.6,67.4,74.3,37.2,52.94285714285714,51.574035714285706,5,10,304,1
2015-11-01,80.4,58.4,64.6,55.6,59.0,51.65714285714286,52.331178571428566,6,11,305,1
2015-11-02,46.3,80.4,53.3,62.6,70.95,53.91428571428571,53.095464285714286,0,11,306,0
2015-11-03,41.8,46.3,64.4,44.7,42.725,52.91428571428571,52.21510714285714,1,11,307,0
2015-11-04,59.8,41.8,33.0,36.8,44.3,49.68571428571429,52.182071428571426,2,11,308,0
2015-11-05,45.0,59.8,38.3,35.262,30.7,53.51428571428572,52.73564285714286,3,11,309,0
2015-11-06,31.475,45.0,49.6,41.4,28.062,54.471428571428575,53.24635714285714,4,11,310,0
2015-11-07,69.9,31.475,58.4,67.4,46.3,51.88214285714285,53.36825,5,11,311,1
2015-11-08,48.6,69.9,80.4,64.6,70.3,53.525,54.21110714285714,6,11,312,1
2015-11-09,40.75,48.6,46.3,53.3,68.85,48.982142857142854,53.436107142857146,0,11,313,0
2015-11-10,41.2,40.75,41.8,64.4,63.8,48.189285714285724,52.43253571428572,1,11,314,0
2015-11-11,60.0,41.2,59.8,33.0,38.6,48.103571428571435,51.625392857142856,2,11,315,0
2015-11-12,24.0,60.0,45.0,38.3,64.724,48.13214285714286,52.38967857142857,3,11,316,0
2015-11-13,22.0,24.0,31.475,49.6,57.3,45.13214285714286,50.935249999999996,4,11,317,0
2015-11-14,19.0,22.0,69.9,58.4,74.3,43.77857142857143,49.67453571428571,5,11,318,1
2015-11-15,42.35,19.0,48.6,80.4,55.6,36.50714285714286,47.699535714285716,6,11,319,1
2015-11-16,50.3,42.35,40.75,46.3,62.6,35.614285714285714,47.22632142857143,0,11,320,0
2015-11-17,60.0,50.3,41.2,41.8,44.7,36.978571428571435,46.787035714285715,1,11,321,0
2015-11-18,24.5,60.0,60.0,59.8,36.8,39.66428571428571,47.333464285714285,2,11,322,0
2015-11-19,26.4,24.5,24.0,45.0,35.262,34.59285714285714,46.894178571428576,3,11,323,0
2015-11-20,25.6,26.4,22.0,31.475,41.4,34.93571428571428,46.57767857142858,4,11,324,0
2015-11-21,45.5,25.6,19.0,69.9,67.4,35.449999999999996,46.013392857142854,5,11,325,1
2015-11-22,41.2,45.5,42.35,48.6,64.6,39.23571428571428,45.231249999999996,6,11,326,1
2015-11-23,69.0,41.2,50.3,40.75,53.3,39.07142857142857,44.395535714285714,0,11,327,0
2015-11-24,19.8,69.0,60.0,41.2,64.4,41.74285714285714,44.956250000000004,1,11,328,0
2015-11-25,29.0,19.8,24.5,60.0,33.0,36.0,43.363392857142856,2,11,329,0
2015-11-26,25.975,29.0,26.4,24.0,38.3,36.642857142857146,43.22053571428571,3,11,330,0
2015-11-27,20.8,25.975,25.6,22.0,49.6,36.582142857142856,42.78035714285714,4,11,331,0
2015-11-28,46.825,20.8,45.5,19.0,58.4,35.896428571428565,41.751785714285724,5,11,332,1
2015-11-29,42.2,46.825,41.2,42.35,80.4,36.08571428571428,41.33839285714286,6,11,333,1
2015-11-30,35.3,42.2,69.0,50.3,46.3,36.228571428571435,39.974107142857136,0,11,334,0
2015-12-01,23.9,35.3,19.8,60.0,41.8,31.414285714285715,39.581250000000004,1,12,335,0
2015-12-02,42.0,23.9,29.0,24.5,59.8,32.0,38.941964285714285,2,12,336,0
2015-12-03,56.0,42.0,25.975,26.4,45.0,33.857142857142854,38.30625,3,12,337,0
2015-12-04,25.6,56.0,20.8,25.6,31.475,38.146428571428565,38.699107142857144,4,12,338,0
2015-12-05,35.05,25.6,46.825,45.5,69.9,38.832142857142856,38.48928571428571,5,12,339,1
2015-12-06,60.4,35.05,42.2,41.2,48.6,37.15,37.244642857142864,6,12,340,1
2015-12-07,26.5,60.4,35.3,69.0,40.75,39.75,37.666071428571435,0,12,341,0
2015-12-08,41.325,26.5,23.9,19.8,41.2,38.49285714285714,37.15714285714286,1,12,342,0
2015-12-09,41.262,41.325,42.0,29.0,60.0,40.982142857142854,37.16160714285714,2,12,343,0
2015-12-10,31.9,41.262,56.0,25.975,24.0,40.876714285714286,36.49239285714286,3,12,344,0
2015-12-11,22.7,31.9,25.6,20.8,22.0,37.43385714285714,36.77453571428571,4,12,345,0
2015-12-12,42.2,22.7,35.05,46.825,19.0,37.01957142857143,36.79953571428571,5,12,346,1
2015-12-13,29.0,42.2,60.4,42.2,42.35,38.041,37.62810714285714,6,12,347,1
2015-12-14,37.4,29.0,26.5,35.3,50.3,33.555285714285716,37.15132142857143,0,12,348,0
2015-12-15,42.0,37.4,41.325,23.9,60.0,35.11242857142857,36.69060714285714,1,12,349,0
2015-12-16,42.0,42.0,41.262,42.0,24.5,35.20885714285714,36.04775,2,12,350,0
2015-12-17,25.0,42.0,31.9,56.0,26.4,35.31428571428571,36.67275,3,12,351,0
2015-12-18,27.2,25.0,22.7,25.6,25.6,34.32857142857143,36.62275,4,12,352,0
2015-12-19,0.0,27.2,42.2,35.05,45.5,34.971428571428575,36.67989285714286,5,12,353,1
2015-12-20,43.0,0.0,29.0,60.4,41.2,28.942857142857147,35.05489285714286,6,12,354,1
2015-12-21,53.6,43.0,37.4,26.5,69.0,30.942857142857147,35.11917857142857,0,12,355,0
2015-12-22,48.0,53.6,42.0,41.325,19.8,33.25714285714286,34.56917857142857,1,12,356,0
2015-12-23,28.8,48.0,42.0,41.262,29.0,34.114285714285714,35.57632142857143,2,12,357,0
2015-12-24,28.3,28.8,25.0,31.9,25.975,32.22857142857143,35.56917857142857,3,12,358,0
2015-12-25,20.662,28.3,27.2,22.7,20.8,32.7,35.65221428571429,4,12,359,0
2015-12-26,87.2,20.662,0.0,42.2,46.825,31.766,35.647285714285715,5,12,360,1
2015-12-27,63.5,87.2,43.0,29.0,42.2,44.22314285714286,37.08925,6,12,361,1
2015-12-28,61.5,63.5,53.6,37.4,35.3,47.151714285714284,37.849964285714286,0,12,362,0
2015-12-29,71.6,61.5,48.0,42.0,23.9,48.28028571428571,38.78567857142857,1,12,363,0
2015-12-30,56.4,71.6,28.8,42.0,42.0,51.651714285714284,40.48924999999999,2,12,364,0
2015-12-31,44.35,56.4,28.3,25.0,56.0,55.59457142857143,41.00353571428571,3,12,365,0
2016-01-01,0.0,44.35,20.662,27.2,25.6,57.88742857142857,40.58746428571428,4,1,1,0
2016-01-02,51.2,0.0,87.2,0.0,35.05,54.93571428571429,39.67317857142857,5,1,2,1
2016-01-03,56.1,51.2,63.5,43.0,60.4,49.792857142857144,40.249964285714285,6,1,3,1
2016-01-04,46.6,56.1,61.5,53.6,26.5,48.73571428571428,40.09639285714285,0,1,4,0
2016-01-05,38.6,46.6,71.6,48.0,41.325,46.607142857142854,40.81425,1,1,5,0
2016-01-06,61.9,38.6,56.4,28.8,41.262,41.892857142857146,40.71692857142857,2,1,6,0
2016-01-07,0.0,61.9,44.35,28.3,31.9,42.67857142857143,41.454,3,1,7,0
2016-01-08,39.2,0.0,0.0,20.662,22.7,36.34285714285714,40.31471428571429,4,1,8,0
2016-01-09,88.3,39.2,51.2,87.2,42.2,41.94285714285714,40.904,5,1,9,1
2016-01-10,67.6,88.3,56.1,63.5,29.0,47.24285714285715,42.550428571428576,6,1,10,1
2016-01-11,64.9,67.6,46.6,61.5,37.4,48.885714285714286,43.928999999999995,0,1,11,0
2016-01-12,61.35,64.9,38.6,71.6,42.0,51.5,44.911142857142856,1,1,12,0
2016-01-13,41.7,61.35,61.9,56.4,42.0,54.75,45.60221428571428,2,1,13,0
2016-01-14,69.0,41.7,0.0,44.35,25.0,51.864285714285714,45.591499999999996,3,1,14,0
2016-01-15,18.1,69.0,39.2,0.0,27.2,61.72142857142857,47.162928571428566,4,1,15,0
2016-01-16,63.6,18.1,88.3,51.2,0.0,58.707142857142856,46.83792857142858,5,1,16,1
2016-01-17,46.6,63.6,67.6,56.1,43.0,55.17857142857143,49.10935714285715,6,1,17,1
2016-01-18,62.8,46.6,64.9,46.6,53.6,52.17857142857143,49.237928571428576,0,1,18,0
2016-01-19,49.8,62.8,61.35,38.6,48.0,51.87857142857143,49.566500000000005,1,1,19,0
2016-01-20,15.1,49.8,41.7,61.9,28.8,50.228571428571435,49.630785714285715,2,1,20,0
2016-01-21,68.4,15.1,69.0,0.0,28.3,46.42857142857143,49.1415,3,1,21,0
2016-01-22,39.5,68.4,18.1,39.2,20.662,46.34285714285714,50.573642857142865,4,1,22,0
2016-01-23,36.8,39.5,63.6,88.3,87.2,49.39999999999999,51.246428571428574,5,1,23,1
2016-01-24,48.1,36.8,46.6,67.6,63.5,45.57142857142857,49.44642857142857,6,1,24,1
2016-01-25,46.95,48.1,62.8,64.9,61.5,45.785714285714285,48.896428571428565,0,1,25,0
2016-01-26,30.3,46.95,49.8,61.35,71.6,43.521428571428565,48.37678571428571,1,1,26,0
2016-01-27,30.062,30.3,15.1,41.7,56.4,40.73571428571428,46.901785714285715,2,1,27,0
2016-01-28,33.0,30.062,68.4,69.0,44.35,42.87314285714286,45.96114285714286,3,1,28,0
2016-01-29,74.4,33.0,39.5,18.1,0.0,37.815999999999995,45.55578571428572,4,1,29,0
2016-01-30,47.462,74.4,36.8,63.6,51.2,42.80171428571429,48.21292857142857,5,1,30,1
2016-01-31,78.9,47.462,48.1,46.6,56.1,44.32485714285714,48.07942857142858,6,1,31,1
2016-02-01,18.0,78.9,46.95,62.8,46.6,48.724857142857154,48.89371428571429,0,2,32,0
2016-02-02,39.0,18.0,30.3,49.8,38.6,44.58914285714286,47.87228571428572,1,2,33,0
2016-02-03,39.062,39.0,30.062,15.1,61.9,45.83200000000001,47.88657142857143,2,2,34,0
2016-02-04,28.8,39.062,33.0,68.4,0.0,47.117714285714285,47.070928571428574,3,2,35,0
2016-02-05,51.6,28.8,74.4,39.5,39.2,46.51771428571429,48.0995,4,2,36,0
2016-02-06,57.162,51.6,47.462,36.8,88.3,43.26057142857143,48.54235714285714,5,2,37,1
2016-02-07,88.2,57.162,78.9,48.1,67.6,44.64628571428572,47.430285714285716,6,2,38,1
2016-02-08,28.038,88.2,18.0,46.95,64.9,45.97485714285715,48.166000000000004,0,2,39,0
2016-02-09,47.7,28.038,39.0,30.3,61.35,47.408857142857144,46.8495,1,2,40,0
2016-02-10,34.1,47.7,39.062,30.062,41.7,48.651714285714284,46.36200000000001,2,2,41,0
2016-02-11,38.1,34.1,28.8,33.0,69.0,47.94285714285714,46.09057142857143,3,2,42,0
2016-02-12,60.675,38.1,51.6,74.4,18.1,49.271428571428565,44.987,4,2,43,0
2016-02-13,42.4,60.675,57.162,47.462,63.6,50.56785714285714,46.507535714285716,5,2,44,1
2016-02-14,43.6,42.4,88.2,78.9,46.6,48.458999999999996,45.750392857142856,6,2,45,1
2016-02-15,52.2,43.6,28.038,18.0,62.8,42.08757142857143,45.64325000000001,0,2,46,0
2016-02-16,29.0,52.2,47.7,39.0,49.8,45.53928571428571,45.26467857142857,1,2,47,0
2016-02-17,26.6,29.0,34.1,39.062,15.1,42.86785714285714,44.52182142857142,2,2,48,0
2016-02-18,43.85,26.6,38.1,28.8,68.4,41.79642857142857,44.93253571428572,3,2,49,0
2016-02-19,28.7,43.85,60.675,51.6,39.5,42.61785714285715,44.055749999999996,4,2,50,0
2016-02-20,36.9,28.7,42.4,57.162,36.8,38.050000000000004,43.67003571428571,5,2,51,1
2016-02-21,55.7,36.9,43.6,88.2,48.1,37.26428571428572,43.67360714285714,6,2,52,1
2016-02-22,51.125,55.7,52.2,28.038,46.95,38.99285714285714,43.945035714285716,0,2,53,0
2016-02-23,41.3,51.125,29.0,47.7,30.3,38.839285714285715,44.094142857142856,1,2,54,0
2016-02-24,35.0,41.3,26.6,34.1,30.062,40.596428571428575,44.48700000000001,2,2,55,0
2016-02-25,41.0,35.0,43.85,38.1,33.0,41.79642857142857,44.663357142857144,3,2,56,0
2016-02-26,28.55,41.0,28.7,60.675,74.4,41.38928571428572,44.94907142857143,4,2,57,0
2016-02-27,25.8,28.55,36.9,42.4,47.462,41.36785714285714,43.31157142857143,5,2,58,1
2016-02-28,66.5,25.8,55.7,43.6,78.9,39.78214285714286,42.53792857142857,6,2,59,1
2016-02-29,46.2,66.5,51.125,52.2,18.0,41.324999999999996,42.09507142857143,0,2,60,0
2016-03-01,31.0,46.2,41.3,29.0,39.0,40.621428571428574,43.10221428571429,1,3,61,0
2016-03-02,21.3,31.0,35.0,26.6,39.062,39.15,42.816500000000005,2,3,62,0
2016-03-03,55.8,21.3,41.0,43.85,28.8,37.19285714285714,42.18214285714286,3,3,63,0
2016-03-04,26.6,55.8,28.55,28.7,51.6,39.30714285714286,43.146428571428565,4,3,64,0
2016-03-05,38.0,26.6,25.8,36.9,57.162,39.028571428571425,42.25357142857143,5,3,65,1
2016-03-06,79.9,38.0,66.5,55.7,88.2,40.771428571428565,41.56921428571429,6,3,66,1
2016-03-07,43.5,79.9,46.2,51.125,28.038,42.68571428571429,41.27278571428571,0,3,67,0
2016-03-08,44.0,43.5,31.0,41.3,47.7,42.300000000000004,41.824999999999996,1,3,68,0
2016-03-09,21.8,44.0,21.3,35.0,34.1,44.15714285714286,41.692857142857136,2,3,69,0
2016-03-10,23.4,21.8,55.8,41.0,38.1,44.228571428571435,41.253571428571426,3,3,70,0
2016-03-11,22.0,23.4,26.6,28.55,60.675,39.6,40.728571428571435,4,3,71,0
2016-03-12,41.8,22.0,38.0,25.8,42.4,38.94285714285714,39.347321428571426,5,3,72,1
2016-03-13,59.2,41.8,79.9,66.5,43.6,39.48571428571428,39.325892857142854,6,3,73,1
2016-03-14,35.9,59.2,43.5,46.2,52.2,36.528571428571425,39.88303571428571,0,3,74,0
2016-03-15,24.0,35.9,44.0,31.0,29.0,35.44285714285714,39.30089285714286,1,3,75,0
2016-03-16,37.4,24.0,21.8,21.3,26.6,32.58571428571428,39.12232142857143,2,3,76,0
2016-03-17,60.2,37.4,23.4,55.8,43.85,34.81428571428571,39.50803571428571,3,3,77,0
2016-03-18,25.462,60.2,22.0,26.6,28.7,40.07142857142857,40.09196428571429,4,3,78,0
2016-03-19,19.5,25.462,41.8,38.0,36.9,40.565999999999995,39.97632142857143,5,3,79,1
2016-03-20,42.2,19.5,59.2,79.9,55.7,37.38028571428571,39.35489285714285,6,3,80,1
2016-03-21,45.7,42.2,35.9,43.5,51.125,34.95171428571429,38.87275,0,3,81,0
2016-03-22,42.188,45.7,24.0,44.0,41.3,36.35171428571429,38.67900000000001,1,3,82,0
2016-03-23,24.25,42.188,37.4,21.8,35.0,38.95,38.71071428571428,2,3,83,0
2016-03-24,32.0,24.25,60.2,23.4,41.0,37.07142857142857,38.32678571428571,3,3,84,0
2016-03-25,42.8,32.0,25.462,22.0,28.55,33.042857142857144,38.005357142857136,4,3,85,0
2016-03-26,33.25,42.8,19.5,41.8,25.8,35.51971428571429,38.51428571428572,5,3,86,1
2016-03-27,63.3,33.25,42.2,59.2,66.5,37.484,38.78035714285714,6,3,87,1
2016-03-28,24.6,63.3,45.7,35.9,46.2,40.498285714285714,38.666071428571435,0,3,88,0
2016-03-29,36.2,24.6,42.188,24.0,31.0,37.483999999999995,37.894642857142856,1,3,89,0
2016-03-30,22.2,36.2,24.25,37.4,21.3,36.62857142857143,38.080357142857146,2,3,90,0
2016-03-31,31.25,22.2,32.0,60.2,55.8,36.33571428571429,38.112500000000004,3,3,91,0
2016-04-01,50.4,31.25,42.8,25.462,26.6,36.228571428571435,37.23571428571429,4,4,92,0
2016-04-02,32.3,50.4,33.25,19.5,38.0,37.31428571428571,38.08571428571429,5,4,93,1
2016-04-03,73.5,32.3,63.3,42.2,79.9,37.17857142857143,37.88214285714286,6,4,94,1
2016-04-04,21.6,73.5,24.6,45.7,43.5,38.635714285714286,37.653571428571425,0,4,95,0
2016-04-05,40.3,21.6,36.2,42.188,44.0,38.207142857142856,36.87142857142857,1,4,96,0
2016-04-06,15.25,40.3,22.2,24.25,21.8,38.792857142857144,36.739285714285714,2,4,97,0
2016-04-07,21.0,15.25,31.25,32.0,23.4,37.8,36.50535714285714,3,4,98,0
2016-04-08,42.3,21.0,50.4,42.8,22.0,36.33571428571428,36.419642857142854,4,4,99,0
2016-04-09,38.8,42.3,32.3,33.25,41.8,35.17857142857142,37.144642857142856,5,4,100,1
2016-04-10,21.4,38.8,73.5,63.3,59.2,36.107142857142854,37.0375,6,4,101,1
2016-04-11,26.0,21.4,21.6,24.6,35.9,28.66428571428571,35.6875,0,4,102,0
2016-04-12,41.6,26.0,40.3,36.2,24.0,29.292857142857144,35.33392857142857,1,4,103,0
2016-04-13,34.0,41.6,15.25,22.2,37.4,29.478571428571428,35.9625,2,4,104,0
2016-04-14,44.225,34.0,21.0,31.25,60.2,32.15714285714286,35.841071428571425,3,4,105,0
2016-04-15,23.6,44.225,42.3,50.4,25.462,35.475,35.270535714285714,4,4,106,0
2016-04-16,33.0,23.6,38.8,32.3,19.5,32.80357142857143,35.204035714285716,5,4,107,1
2016-04-17,52.8,33.0,21.4,73.5,42.2,31.974999999999998,35.68617857142858,6,4,108,1
2016-04-18,22.1,52.8,26.0,21.6,45.7,36.46071428571429,36.06475,0,4,109,0
2016-04-19,24.3,22.1,41.6,40.3,42.188,35.90357142857143,35.22189285714286,1,4,110,0
2016-04-20,17.1,24.3,34.0,15.25,24.25,33.43214285714286,34.583035714285714,2,4,111,0
2016-04-21,21.6,17.1,44.225,21.0,32.0,31.017857142857142,34.32767857142857,3,4,112,0
2016-04-22,21.9,21.6,23.6,42.3,42.8,27.785714285714285,33.95625,4,4,113,0
2016-04-23,33.2,21.9,33.0,38.8,33.25,27.542857142857144,33.20982142857143,5,4,114,1
2016-04-24,36.95,33.2,52.8,21.4,63.3,27.571428571428573,33.208035714285714,6,4,115,1
2016-04-25,21.7,36.95,22.1,26.0,24.6,25.307142857142857,32.26696428571429,0,4,116,0
2016-04-26,27.2,21.7,24.3,41.6,36.2,25.25,32.16339285714286,1,4,117,0
2016-04-27,47.4,27.2,17.1,34.0,22.2,25.664285714285715,31.841964285714283,2,4,118,0
2016-04-28,28.0,47.4,21.6,44.225,31.25,29.99285714285714,32.74196428571429,3,4,119,0
2016-04-29,37.0,28.0,21.9,23.6,50.4,30.907142857142862,32.62589285714286,4,4,120,0
2016-04-30,47.812,37.0,33.2,33.0,32.3,33.06428571428571,32.14732142857143,5,4,121,1
2016-05-01,0.0,47.812,36.95,52.8,73.5,35.151714285714284,32.701321428571426,6,5,122,1
2016-05-02,39.2,0.0,21.7,22.1,21.6,29.873142857142856,30.076321428571426,0,5,123,0
2016-05-03,23.9,39.2,27.2,24.3,40.3,32.37314285714286,30.704892857142855,1,5,124,0
2016-05-04,32.2,23.9,47.4,17.1,15.25,31.901714285714284,30.11917857142857,2,5,125,0
2016-05-05,41.0,32.2,28.0,21.6,21.0,29.730285714285714,30.724535714285715,3,5,126,0
2016-05-06,33.6,41.0,37.0,21.9,42.3,31.587428571428575,31.43882142857143,4,5,127,0
2016-05-07,47.2,33.6,47.812,33.2,38.8,31.101714285714287,31.128107142857143,5,5,128,1
2016-05-08,40.4,47.2,0.0,36.95,21.4,31.014285714285716,31.42810714285714,6,5,129,1
2016-05-09,29.2,40.4,39.2,21.7,26.0,36.785714285714285,32.106678571428574,0,5,130,0
2016-05-10,28.25,29.2,23.9,27.2,41.6,35.35714285714286,32.22096428571429,1,5,131,0
2016-05-11,23.0,28.25,32.2,47.4,34.0,35.978571428571435,31.74417857142857,2,5,132,0
2016-05-12,28.1,23.0,41.0,28.0,44.225,34.66428571428572,31.351321428571428,3,5,133,0
2016-05-13,37.0,28.1,33.6,37.0,23.6,32.82142857142857,30.77542857142857,4,5,134,0
2016-05-14,31.25,37.0,47.2,47.812,33.0,33.30714285714286,31.253999999999998,5,5,135,1
2016-05-15,44.1,31.25,40.4,0.0,52.8,31.02857142857143,31.191499999999998,6,5,136,1
2016-05-16,24.0,44.1,29.2,39.2,22.1,31.557142857142857,30.880785714285715,0,5,137,0
2016-05-17,38.4,24.0,28.25,23.9,24.3,30.814285714285713,30.948642857142858,1,5,138,0
2016-05-18,35.0,38.4,23.0,32.2,17.1,32.26428571428571,31.452214285714287,2,5,139,0
2016-05-19,30.5,35.0,28.1,41.0,21.6,33.97857142857143,32.0915,3,5,140,0
2016-05-20,14.0,30.5,37.0,33.6,21.9,34.32142857142857,32.40935714285714,4,5,141,0
2016-05-21,42.5,14.0,31.25,47.2,33.2,31.035714285714285,32.12721428571429,5,5,142,1
2016-05-22,55.6,42.5,44.1,40.4,36.95,32.642857142857146,32.459357142857144,6,5,143,1
2016-05-23,54.7,55.6,24.0,29.2,21.7,34.285714285714285,33.12542857142857,0,5,144,0
2016-05-24,32.0,54.7,38.4,28.25,27.2,38.67142857142857,34.303999999999995,1,5,145,0
2016-05-25,25.05,32.0,35.0,23.0,47.4,37.75714285714286,34.47542857142857,2,5,146,0
2016-05-26,24.8,25.05,30.5,28.1,28.0,36.33571428571428,33.677214285714285,3,5,147,0
2016-05-27,17.0,24.8,14.0,37.0,37.0,35.52142857142857,33.56292857142857,4,5,148,0
2016-05-28,43.0,17.0,42.5,31.25,47.812,35.95,32.848642857142856,5,5,149,1
2016-05-29,31.8,43.0,55.6,44.1,0.0,36.02142857142857,32.676785714285714,6,5,150,1
2016-05-30,29.4,31.8,54.7,24.0,39.2,32.621428571428574,33.81250000000001,0,5,151,0
2016-05-31,21.0,29.4,32.0,38.4,23.9,29.007142857142856,33.4625,1,5,152,0
2016-06-01,20.0,21.0,25.05,35.0,32.2,27.435714285714283,33.35892857142857,2,6,153,0
2016-06-02,21.25,20.0,24.8,30.5,41.0,26.714285714285715,32.92321428571429,3,6,154,0
2016-06-03,18.0,21.25,17.0,14.0,33.6,26.207142857142856,32.21785714285714,4,6,155,0
2016-06-04,21.0,18.0,43.0,42.5,47.2,26.349999999999998,31.660714285714285,5,6,156,1
2016-06-05,23.4,21.0,31.8,55.6,40.4,23.207142857142856,30.725,6,6,157,1
2016-06-06,26.2,23.4,29.4,54.7,29.2,22.007142857142856,30.11785714285714,0,6,158,0
2016-06-07,28.5,26.2,21.0,32.0,28.25,21.55,30.01071428571429,1,6,159,0
2016-06-08,45.062,28.5,20.0,25.05,23.0,22.62142857142857,30.01964285714286,2,6,160,0
2016-06-09,20.6,45.062,21.25,24.8,28.1,26.20171428571428,30.807571428571432,3,6,161,0
2016-06-10,26.0,20.6,18.0,17.0,37.0,26.108857142857143,30.539714285714286,4,6,162,0
2016-06-11,35.6,26.0,21.0,43.0,31.25,27.251714285714286,30.14685714285714,5,6,163,1
2016-06-12,47.0,35.6,23.4,31.8,44.1,29.33742857142857,30.302214285714285,6,6,164,1
2016-06-13,15.0,47.0,26.2,29.4,24.0,32.70885714285714,30.405785714285713,0,6,165,0
2016-06-14,17.4,15.0,28.5,21.0,38.4,31.108857142857143,30.08435714285714,1,6,166,0
2016-06-15,35.0,17.4,45.062,20.0,35.0,29.523142857142858,29.33435714285714,2,6,167,0
2016-06-16,20.5,35.0,20.6,21.25,30.5,28.08571428571429,29.33435714285714,3,6,168,0
2016-06-17,20.0,20.5,26.0,18.0,14.0,28.071428571428573,28.977214285714286,4,6,169,0
2016-06-18,37.5,20.0,35.6,21.0,42.5,27.214285714285715,29.191499999999998,5,6,170,1
2016-06-19,40.0,37.5,47.0,23.4,55.6,27.485714285714288,29.01292857142857,6,6,171,1
2016-06-20,22.388,40.0,15.0,26.2,54.7,26.485714285714288,28.455785714285714,0,6,172,0
2016-06-21,23.0,22.388,17.4,28.5,32.0,27.54114285714286,27.301785714285717,1,6,173,0
2016-06-22,42.0,23.0,35.0,45.062,25.05,28.34114285714286,26.980357142857144,2,6,174,0
2016-06-23,19.0,42.0,20.5,20.6,24.8,29.341142857142852,27.585714285714285,3,6,175,0
2016-06-24,19.0,19.0,20.0,26.0,17.0,29.12685714285714,27.37857142857143,4,6,176,0
2016-06-25,20.25,19.0,37.5,35.6,43.0,28.983999999999998,27.45,5,6,177,1
2016-06-26,17.4,20.25,40.0,47.0,31.8,26.519714285714283,26.6375,6,6,178,1
2016-06-27,24.0,17.4,22.388,15.0,29.4,23.291142857142855,26.123214285714283,0,6,179,0
2016-06-28,24.0,24.0,23.0,17.4,21.0,23.52142857142857,25.93035714285714,1,6,180,0
2016-06-29,22.0,24.0,42.0,35.0,20.0,23.66428571428571,26.037499999999998,2,6,181,0
2016-06-30,9.0,22.0,19.0,20.5,21.25,20.807142857142857,26.10892857142857,3,6,182,0
2016-07-01,24.0,9.0,19.0,20.0,18.0,19.37857142857143,25.67142857142857,4,7,183,0
2016-07-02,25.4,24.0,20.25,37.5,21.0,20.092857142857145,25.885714285714283,5,7,184,1
2016-07-03,18.6,25.4,17.4,40.0,23.4,20.82857142857143,26.04285714285714,6,7,185,1
2016-07-04,14.0,18.6,24.0,22.388,26.2,21.0,25.87142857142857,0,7,186,0
2016-07-05,19.0,14.0,24.0,23.0,28.5,19.571428571428573,25.435714285714283,1,7,187,0
2016-07-06,30.0,19.0,22.0,42.0,45.062,18.857142857142858,25.096428571428568,2,7,188,0
2016-07-07,21.0,30.0,9.0,19.0,20.6,20.0,24.5585,3,7,189,0
2016-07-08,28.0,21.0,24.0,19.0,26.0,21.714285714285715,24.572785714285715,4,7,190,0
2016-07-09,11.0,28.0,25.4,20.25,35.6,22.285714285714285,24.644214285714288,5,7,191,1
2016-07-10,29.0,11.0,18.6,17.4,47.0,20.22857142857143,23.765642857142858,6,7,192,1
2016-07-11,19.312,29.0,14.0,24.0,15.0,21.714285714285715,23.122785714285715,0,7,193,0
2016-07-12,27.2,19.312,19.0,24.0,17.4,22.473142857142854,23.276785714285715,1,7,194,0
2016-07-13,26.4,27.2,30.0,22.0,35.0,23.644571428571428,23.626785714285717,2,7,195,0
2016-07-14,12.4,26.4,21.0,9.0,20.5,23.130285714285712,23.31964285714286,3,7,196,0
2016-07-15,15.0,12.4,28.0,24.0,20.0,21.901714285714284,23.030357142857145,4,7,197,0
2016-07-16,23.3,15.0,11.0,25.4,37.5,20.044571428571427,22.851785714285715,5,7,198,1
2016-07-17,26.65,23.3,29.0,18.6,40.0,21.801714285714286,22.344642857142862,6,7,199,1
2016-07-18,25.4,26.65,19.312,14.0,22.388,21.466,21.867857142857144,0,7,200,0
2016-07-19,19.0,25.4,27.2,19.0,23.0,22.33571428571429,21.975428571428573,1,7,201,0
2016-07-20,25.2,19.0,26.4,30.0,42.0,21.16428571428571,21.83257142857143,2,7,202,0
2016-07-21,17.0,25.2,12.4,21.0,19.0,20.99285714285714,21.232571428571426,3,7,203,0
2016-07-22,14.0,17.0,15.0,28.0,19.0,21.65,21.161142857142856,4,7,204,0
2016-07-23,15.0,14.0,23.3,11.0,20.25,21.507142857142856,20.982571428571426,5,7,205,1
2016-07-24,32.0,15.0,26.65,29.0,17.4,20.321428571428573,20.795071428571426,6,7,206,1
2016-07-25,22.0,32.0,25.4,19.312,24.0,21.085714285714285,21.3165,0,7,207,0
2016-07-26,10.0,22.0,19.0,27.2,24.0,20.599999999999998,21.245071428571432,1,7,208,0
2016-07-27,10.0,10.0,25.2,26.4,22.0,19.314285714285713,20.745071428571432,2,7,209,0
2016-07-28,22.5,10.0,17.0,12.4,9.0,17.142857142857142,20.3165,3,7,210,0
2016-07-29,11.0,22.5,14.0,15.0,24.0,17.928571428571427,20.79864285714286,4,7,211,0
2016-07-30,37.0,11.0,15.0,23.3,25.4,17.5,20.334357142857147,5,7,212,1
2016-07-31,22.0,37.0,32.0,26.65,18.6,20.642857142857142,20.74864285714286,6,7,213,1
2016-08-01,14.0,22.0,22.0,25.4,14.0,19.214285714285715,20.870071428571432,0,8,214,0
2016-08-02,12.0,14.0,10.0,19.0,19.0,18.071428571428573,20.870071428571432,1,8,215,0
2016-08-03,21.0,12.0,10.0,25.2,30.0,18.357142857142858,20.620071428571432,2,8,216,0
2016-08-04,34.4,21.0,22.5,17.0,21.0,19.928571428571427,20.29864285714286,3,8,217,0
2016-08-05,21.0,34.4,11.0,14.0,28.0,21.62857142857143,20.777214285714287,4,8,218,0
2016-08-06,20.0,21.0,37.0,15.0,11.0,23.057142857142857,20.527214285714287,5,8,219,1
2016-08-07,40.2,20.0,22.0,32.0,29.0,20.62857142857143,20.84864285714286,6,8,220,1
2016-08-08,15.0,40.2,14.0,22.0,19.312,23.228571428571428,21.24864285714286,0,8,221,0
2016-08-09,29.0,15.0,12.0,10.0,27.2,23.37142857142857,21.094642857142855,1,8,222,0
2016-08-10,24.1,29.0,21.0,10.0,26.4,25.8,21.158928571428568,2,8,223,0
2016-08-11,25.0,24.1,34.4,22.5,12.4,26.24285714285714,21.076785714285712,3,8,224,0
2016-08-12,27.6,25.0,21.0,11.0,15.0,24.900000000000002,21.526785714285715,4,8,225,0
2016-08-13,32.0,27.6,20.0,37.0,23.3,25.842857142857145,21.976785714285715,5,8,226,1
2016-08-14,18.21666667,32.0,40.2,22.0,26.65,27.557142857142857,22.287499999999998,6,8,227,1
2016-08-15,21.0,18.21666667,15.0,14.0,25.4,24.41666666714286,21.986309523928572,0,8,228,0
2016-08-16,14.45,21.0,29.0,12.0,19.0,25.273809524285717,21.829166666785714,1,8,229,0
2016-08-17,9.5,14.45,24.1,21.0,25.2,23.195238095714284,21.666666666785716,2,8,230,0
2016-08-18,25.6,9.5,25.0,34.4,17.0,21.109523810000002,21.105952381071432,3,8,231,0
2016-08-19,27.0,25.6,27.6,21.0,14.0,21.195238095714284,21.413095238214286,4,8,232,0
2016-08-20,26.2,27.0,32.0,20.0,15.0,21.109523810000002,21.8773809525,5,8,233,1
2016-08-21,39.0,26.2,18.21666667,40.2,32.0,20.28095238142857,22.277380952500003,6,8,234,1
2016-08-22,23.2,39.0,21.0,15.0,22.0,23.25,22.5273809525,0,8,235,0
2016-08-23,14.7,23.2,14.45,29.0,10.0,23.564285714285713,22.570238095357144,1,8,236,0
2016-08-24,11.3,14.7,9.5,24.1,10.0,23.6,22.73809523821428,2,8,237,0
2016-08-25,19.4,11.3,25.6,25.0,22.5,23.857142857142858,22.78452380964286,3,8,238,0
2016-08-26,20.7,19.4,27.0,27.6,11.0,22.971428571428568,22.673809523928572,4,8,239,0
2016-08-27,17.51666667,20.7,26.2,32.0,37.0,22.071428571428573,23.020238095357143,5,8,240,1
2016-08-28,37.0,17.51666667,39.0,18.21666667,22.0,20.83095238142857,22.324404762142855,6,8,241,1
2016-08-29,14.2,37.0,23.2,21.0,14.0,20.545238095714286,22.860119047857147,0,8,242,0
2016-08-30,8.9,14.2,14.7,14.45,12.0,19.259523809999997,22.867261905,1,8,243,0
2016-08-31,23.2,8.9,11.3,9.5,21.0,18.430952381428572,22.756547619285715,2,8,244,0
2016-09-01,31.4,23.2,19.4,25.6,34.4,20.130952381428568,22.83511904785714,3,9,245,0
2016-09-02,10.0,31.4,20.7,27.0,21.0,21.845238095714283,22.727976190714283,4,9,246,0
2016-09-03,54.2,10.0,17.51666667,26.2,20.0,20.316666667142858,22.33511904785714,5,9,247,1
2016-09-04,30.9,54.2,37.0,39.0,40.2,25.557142857142857,23.556547619285713,6,9,248,1
2016-09-05,34.3,30.9,14.2,23.2,15.0,24.685714285714287,23.224404762142857,0,9,249,0
2016-09-06,32.8,34.3,8.9,14.7,29.0,27.557142857142853,23.913690476428574,1,9,250,0
2016-09-07,37.6,32.8,23.2,11.3,24.1,30.97142857142857,24.04940476214286,2,9,251,0
2016-09-08,33.0,37.6,31.4,19.4,25.0,33.028571428571425,24.531547619285714,3,9,252,0
2016-09-09,26.124,33.0,10.0,20.7,27.6,33.25714285714286,24.817261905000002,4,9,253,0
2016-09-10,34.0,26.124,54.2,17.51666667,32.0,35.56057142857143,24.764547619285715,5,9,254,1
2016-09-11,57.2,34.0,30.9,37.0,18.21666667,32.67485714285714,24.835976190714284,6,9,255,1
2016-09-12,24.0,57.2,34.3,14.2,21.0,36.432,26.228238095357142,0,9,256,0
2016-09-13,32.0,24.0,32.8,8.9,14.45,34.96057142857143,26.3353809525,1,9,257,0
2016-09-14,24.4,32.0,37.6,23.2,9.5,34.84628571428571,26.962166666785713,2,9,258,0
2016-09-15,38.0,24.4,33.0,31.4,25.6,32.96057142857143,27.494309523928568,3,9,259,0
2016-09-16,26.3,38.0,26.124,10.0,27.0,33.67485714285714,27.937166666785714,4,9,260,0
2016-09-17,56.0,26.3,34.0,54.2,26.2,33.7,27.912166666785716,5,9,261,1
2016-09-18,24.45,56.0,57.2,30.9,39.0,36.84285714285714,28.97645238107143,6,9,262,1
2016-09-19,31.0,24.45,24.0,34.3,23.2,32.16428571428572,28.45680952392857,0,9,263,0
2016-09-20,33.4,31.0,32.0,32.8,14.7,33.16428571428571,28.735380952499998,1,9,264,0
2016-09-21,19.7,33.4,24.4,37.6,11.3,33.364285714285714,29.403238095357146,2,9,265,0
2016-09-22,29.4,19.7,38.0,33.0,19.4,32.69285714285714,29.70323809535714,3,9,266,0
2016-09-23,28.4,29.4,26.3,26.124,20.7,31.464285714285715,30.060380952499997,4,9,267,0
2016-09-24,61.2,28.4,56.0,34.0,17.51666667,31.764285714285712,30.3353809525,5,9,268,1
2016-09-25,61.125,61.2,24.45,57.2,37.0,32.50714285714286,31.8955,6,9,269,1
2016-09-26,57.6,61.125,31.0,24.0,14.2,37.746428571428574,32.757107142857144,0,9,270,0
2016-09-27,51.7,57.6,33.4,32.0,8.9,41.54642857142857,34.30710714285714,1,9,271,0
2016-09-28,64.5,51.7,19.7,24.4,23.2,44.160714285714285,35.83567857142857,2,9,272,0
2016-09-29,50.6,64.5,29.4,38.0,31.4,50.560714285714276,37.310678571428575,3,9,273,0
2016-09-30,23.4,50.6,28.4,26.3,10.0,53.589285714285715,37.99639285714286,4,9,274,0
2016-10-01,54.038,23.4,61.2,56.0,54.2,52.875,38.474964285714286,5,10,275,1
2016-10-02,80.5,54.038,61.125,24.45,30.9,51.851857142857135,38.46917857142857,6,10,276,1
2016-10-03,59.662,80.5,57.6,31.0,34.3,54.61971428571428,40.24060714285714,0,10,277,0
2016-10-04,47.6,59.662,51.7,33.4,32.8,54.91428571428572,41.14639285714286,1,10,278,0
2016-10-05,78.2,47.6,64.5,19.7,37.6,54.32857142857142,41.67496428571428,2,10,279,0
2016-10-06,44.0,78.2,50.6,29.4,33.0,56.285714285714285,43.124964285714285,3,10,280,0
2016-10-07,47.625,44.0,23.4,28.4,26.124,55.34285714285714,43.51782142857143,4,10,281,0
2016-10-08,52.7,47.625,54.038,61.2,34.0,58.80357142857143,44.285714285714285,5,10,282,1
2016-10-09,88.4,52.7,80.5,61.125,57.2,58.61242857142857,44.95357142857143,6,10,283,1
2016-10-10,31.6,88.4,59.662,57.6,24.0,59.741,46.06785714285714,0,10,284,0
2016-10-11,52.6,31.6,47.6,51.7,32.0,55.732142857142854,46.339285714285715,1,10,285,0
2016-10-12,45.75,52.6,78.2,64.5,24.4,56.44642857142857,47.074999999999996,2,10,286,0
2016-10-13,42.2,45.75,44.0,50.6,38.0,51.810714285714276,47.83749999999999,3,10,287,0
2016-10-14,38.7,42.2,47.625,23.4,26.3,51.55357142857143,47.9875,4,10,288,0
2016-10-15,47.2,38.7,52.7,54.038,56.0,50.278571428571425,48.43035714285714,5,10,289,1
2016-10-16,89.3,47.2,88.4,80.5,24.45,49.49285714285714,48.11607142857143,6,10,290,1
2016-10-17,50.8,89.3,31.6,59.662,31.0,49.621428571428574,50.43214285714286,0,10,291,0
2016-10-18,42.1,50.8,52.6,47.6,33.4,52.364285714285714,51.13928571428571,1,10,292,0
2016-10-19,26.7,42.1,45.75,78.2,19.7,50.864285714285714,51.45,2,10,293,0
2016-10-20,52.5,26.7,42.2,44.0,29.4,48.142857142857146,51.7,3,10,294,0
2016-10-21,40.8,52.5,38.7,47.625,28.4,49.61428571428571,52.52499999999999,4,10,295,0
2016-10-22,29.7,40.8,47.2,52.7,61.2,49.91428571428571,52.96785714285715,5,10,296,1
2016-10-23,51.21666667,29.7,89.3,88.4,61.125,47.41428571428571,51.84285714285714,6,10,297,1
2016-10-24,37.0,51.21666667,50.8,31.6,57.6,41.97380952428572,51.488988095357136,0,10,298,0
2016-10-25,62.4,37.0,42.1,52.6,51.7,40.00238095285714,50.753273809642856,1,10,299,0
2016-10-26,28.4,62.4,26.7,45.75,64.5,42.902380952857136,51.135416666785716,2,10,300,0
2016-10-27,32.2,28.4,52.5,42.2,50.6,43.145238095714284,49.846130952500005,3,10,301,0
2016-10-28,34.4,32.2,40.8,38.7,23.4,40.245238095714285,49.18898809535714,4,10,302,0
2016-10-29,78.5,34.4,29.7,47.2,54.038,39.33095238142857,49.581845238214285,5,10,303,1
2016-10-30,73.1,78.5,51.21666667,89.3,80.5,46.30238095285714,50.45548809535715,6,10,304,1
2016-10-31,43.8,73.1,37.0,50.8,59.662,49.42857142857143,50.191202381071435,0,10,305,0
2016-11-01,25.9,43.8,62.4,42.1,47.6,50.4,49.62470238107143,1,11,306,0
2016-11-02,42.2,25.9,28.4,26.7,78.2,45.18571428571429,48.84970238107143,2,11,307,0
2016-11-03,42.5,42.2,32.2,52.5,44.0,47.15714285714285,47.563988095357146,3,11,308,0
2016-11-04,24.3,42.5,34.4,40.8,47.625,48.628571428571426,47.510416666785716,4,11,309,0
2016-11-05,35.4,24.3,78.5,29.7,52.7,47.18571428571429,46.6773809525,5,11,310,1
2016-11-06,42.45,35.4,73.1,51.21666667,88.4,41.028571428571425,46.05952380964286,6,11,311,1
2016-11-07,35.0,42.45,43.8,37.0,31.6,36.65,44.418452381071425,0,11,312,0
2016-11-08,20.0,35.0,25.9,62.4,52.6,35.392857142857146,44.539880952500006,1,11,313,0
2016-11-09,25.0,20.0,42.2,28.4,45.75,34.550000000000004,43.375595238214295,2,11,314,0
2016-11-10,31.1,25.0,42.5,32.2,42.2,32.09285714285714,42.634523809642864,3,11,315,0
2016-11-11,33.0,31.1,24.3,34.4,38.7,30.464285714285715,42.238095238214285,4,11,316,0
2016-11-12,56.5,33.0,35.4,78.5,47.2,31.70714285714286,42.034523809642856,5,11,317,1
2016-11-13,60.2,56.5,42.45,73.1,89.3,34.721428571428575,42.36666666678571,6,11,318,1
2016-11-14,50.5,60.2,35.0,43.8,50.8,37.25714285714286,41.3273809525,0,11,319,0
2016-11-15,30.1,50.5,20.0,25.9,42.1,39.471428571428575,41.316666666785714,1,11,320,0
2016-11-16,38.912,30.1,25.0,42.2,26.7,40.91428571428572,40.888095238214284,2,11,321,0
2016-11-17,41.4,38.912,31.1,42.5,52.5,42.901714285714284,41.32423809535714,3,11,322,0
2016-11-18,31.0,41.4,33.0,24.3,40.8,44.37314285714285,40.92780952392858,4,11,323,0
2016-11-19,35.4,31.0,56.5,35.4,29.7,44.08742857142857,40.57780952392857,5,11,324,1
2016-11-20,25.5,35.4,60.2,42.45,51.21666667,41.073142857142855,40.7813809525,6,11,325,1
2016-11-21,30.0,25.5,50.5,35.0,37.0,36.116,39.86292857142856,0,11,326,0
2016-11-22,23.0,30.0,30.1,20.0,62.4,33.187428571428576,39.61292857142856,1,11,327,0
2016-11-23,44.124,23.0,38.912,25.0,28.4,32.17314285714286,38.20578571428571,2,11,328,0
2016-11-24,28.0,44.124,41.4,31.1,32.2,32.91771428571429,38.767357142857136,3,11,329,0
2016-11-25,21.0,28.0,31.0,33.0,34.4,31.00342857142857,38.617357142857145,4,11,330,0
2016-11-26,36.0,21.0,35.4,56.5,78.5,29.574857142857145,38.13878571428571,5,11,331,1
2016-11-27,61.0,36.0,25.5,60.2,73.1,29.660571428571426,36.62092857142857,6,11,332,1
2016-11-28,23.0,61.0,30.0,50.5,43.8,34.732,36.188785714285714,0,11,333,0
2016-11-29,45.6,23.0,23.0,30.1,25.9,33.732,35.445928571428574,1,11,334,0
2016-11-30,24.6,45.6,44.124,38.912,42.2,36.96057142857143,36.149499999999996,2,11,335,0
2016-12-01,55.662,24.6,28.0,41.4,42.5,34.17142857142857,35.52092857142857,3,12,336,0
2016-12-02,43.0,55.662,21.0,31.0,24.3,38.12314285714286,35.991,4,12,337,0
2016-12-03,43.3,43.0,36.0,35.4,35.4,41.266000000000005,36.65885714285714,5,12,338,1
2016-12-04,67.0,43.3,61.0,25.5,42.45,42.30885714285714,36.940999999999995,6,12,339,1
2016-12-05,23.0,67.0,23.0,30.0,35.0,43.166000000000004,37.81778571428572,0,12,340,0
2016-12-06,27.2,23.0,45.6,23.0,20.0,43.166000000000004,37.38921428571429,1,12,341,0
2016-12-07,47.0,27.2,24.6,44.124,25.0,40.53742857142857,37.64635714285714,2,12,342,0
2016-12-08,35.7,47.0,55.662,28.0,31.1,43.73742857142857,38.432071428571426,3,12,343,0
2016-12-09,35.062,35.7,43.0,21.0,33.0,40.88571428571429,38.59635714285714,4,12,344,0
2016-12-10,45.4,35.062,43.3,36.0,56.5,39.751714285714286,38.67,5,12,345,1
2016-12-11,62.062,45.4,67.0,61.0,60.2,40.05171428571429,38.27357142857142,6,12,346,1
2016-12-12,44.5,62.062,23.0,23.0,50.5,39.34628571428571,38.34007142857143,0,12,347,0
2016-12-13,43.6,44.5,27.2,45.6,30.1,42.41771428571428,38.12578571428571,1,12,348,0
2016-12-14,32.2,43.6,47.0,24.6,38.912,44.76057142857143,38.60792857142858,2,12,349,0
2016-12-15,22.8,32.2,35.7,55.662,41.4,42.64628571428572,38.36821428571428,3,12,350,0
2016-12-16,39.775,22.8,35.062,43.0,31.0,40.80342857142857,37.70392857142857,4,12,351,0
2016-12-17,59.95,39.775,45.4,43.3,35.4,41.47671428571429,38.01732142857143,5,12,352,1
2016-12-18,60.7,59.95,62.062,67.0,25.5,43.555285714285716,38.894107142857145,6,12,353,1
2016-12-19,0.0,60.7,44.5,23.0,30.0,43.36071428571428,40.151250000000005,0,12,354,0
2016-12-20,46.0,0.0,43.6,27.2,23.0,37.003571428571426,39.079821428571435,1,12,355,0
2016-12-21,37.0,46.0,32.2,47.0,44.124,37.346428571428575,39.901250000000005,2,12,356,0
2016-12-22,38.4,37.0,22.8,35.7,28.0,38.03214285714286,39.646821428571435,3,12,357,0
2016-12-23,32.0,38.4,39.775,35.062,21.0,40.260714285714286,40.01825,4,12,358,0
2016-12-24,82.0,32.0,59.95,45.4,36.0,39.15,40.41110714285714,5,12,359,1
2016-12-25,79.8,82.0,60.7,62.062,61.0,42.300000000000004,42.05396428571429,6,12,360,1
2016-12-26,58.924,79.8,0.0,44.5,23.0,45.028571428571425,42.725392857142865,0,12,361,0
2016-12-27,54.2,58.924,46.0,43.6,45.6,53.446285714285715,44.00839285714286,1,12,362,0
2016-12-28,57.2,54.2,37.0,32.2,24.6,54.617714285714285,44.315535714285716,2,12,363,0
2016-12-29,81.2,57.2,38.4,22.8,55.662,57.50342857142857,45.47982142857143,3,12,364,0
2016-12-30,161.0,81.2,32.0,39.775,43.0,63.61771428571429,46.39189285714286,4,12,365,0
2016-12-31,108.7,161.0,82.0,59.95,43.3,82.04628571428573,50.60617857142857,5,12,366,1
2017-01-01,25.675,108.7,79.8,60.7,67.0,85.86057142857143,52.94189285714286,6,1,1,1
2017-01-02,32.0,25.675,58.924,0.0,23.0,78.12842857142857,51.466,0,1,2,0
2017-01-03,66.8125,32.0,54.2,46.0,27.2,74.28214285714286,51.78742857142857,1,1,3,0
2017-01-04,56.76666667,66.8125,57.2,37.0,47.0,76.08392857142857,53.20216071428571,2,1,4,0
2017-01-05,62.20833333,56.76666667,81.2,38.4,35.7,76.02202381,53.55097023821428,3,1,5,0
2017-01-06,65.5625,62.20833333,161.0,32.0,35.062,73.30892857142858,54.49769642857143,4,1,6,0
2017-01-07,34.625,65.5625,108.7,82.0,45.4,59.675,55.587,5,1,7,1
2017-01-08,25.375,34.625,25.675,79.8,62.062,49.09285714285714,55.202178571428576,6,1,8,1
2017-01-09,56.125,25.375,32.0,58.924,44.5,49.05,53.89192857142858,0,1,9,0
2017-01-10,54.25,56.125,66.8125,54.2,43.6,52.49642857142857,54.30710714285715,1,1,10,0
2017-01-11,51.04166667,54.25,56.76666667,57.2,32.2,50.70178571428572,54.687464285714285,2,1,11,0
2017-01-12,65.9375,51.04166667,62.20833333,81.2,22.8,49.88392857142857,55.3603809525,3,1,12,0
2017-01-13,54.41666667,65.9375,65.5625,161.0,39.775,50.416666667142856,56.90100595249999,4,1,13,0
2017-01-14,47.91666667,54.41666667,34.625,108.7,59.95,48.824404762857135,57.42392261928571,5,1,14,1
2017-01-15,38.79166667,47.91666667,25.375,25.675,60.7,50.72321428714286,56.99416071464286,6,1,15,1
2017-01-16,63.5625,38.79166667,56.125,32.0,0.0,52.639880954285715,56.21172023857143,0,1,16,0
2017-01-17,48.45833333,63.5625,54.25,66.8125,46.0,53.702380954285715,58.481809524285715,1,1,17,0
2017-01-18,45.95833333,48.45833333,51.04166667,56.76666667,37.0,52.875000001428575,58.569607143214284,2,1,18,0
2017-01-19,37.75,45.95833333,65.9375,62.20833333,38.4,52.14880952428572,58.889547619285715,3,1,19,0
2017-01-20,37.625,37.75,54.41666667,65.5625,32.0,48.12202381000001,58.86633333357143,4,1,20,0
2017-01-21,50.20833333,37.625,47.91666667,34.625,82.0,45.723214285714285,59.06722619071429,5,1,21,1
2017-01-22,37.02083333,50.20833333,38.79166667,25.375,79.8,46.05059523714285,57.93180952392857,6,1,22,1
2017-01-23,41.75,37.02083333,63.5625,56.125,58.924,45.797619045714285,56.403982142857146,0,1,23,0
2017-01-24,40.08333333,41.75,48.45833333,54.25,54.2,42.68154761714286,55.790625,1,1,24,0
2017-01-25,51.1875,40.08333333,45.95833333,51.04166667,57.2,41.485119045714285,55.286458333214284,2,1,25,0
2017-01-26,36.625,51.1875,37.75,65.9375,81.2,42.23214285571429,55.07172619035715,3,1,26,0
2017-01-27,42.60916667,36.625,37.625,54.41666667,161.0,42.07142857,53.479761904642864,4,1,27,0
2017-01-28,32.08333333,42.60916667,50.20833333,47.91666667,108.7,42.78345238000001,49.25151785714286,5,1,28,1
2017-01-29,54.16666667,32.08333333,37.02083333,38.79166667,25.675,40.194166665714285,46.51520833321428,6,1,29,1
2017-01-30,35.5175,54.16666667,41.75,63.5625,32.0,42.64357142857143,47.53276785714286,0,1,30,0
2017-01-31,47.25,35.5175,40.08333333,48.45833333,66.8125,41.753214285714286,47.65839285714286,1,1,31,0
2017-02-01,31.625,47.25,51.1875,45.95833333,56.76666667,42.777023809999996,46.95973214285714,2,2,32,0
2017-02-02,42.29166667,31.625,36.625,37.75,62.20833333,39.982380952857135,46.06181547607143,3,2,33,0
2017-02-03,42.90083333,42.29166667,42.60916667,37.625,65.5625,40.79190476285714,45.350505952499994,4,2,34,0
2017-02-04,27.70833333,42.90083333,32.08333333,50.20833333,34.625,40.833571428571425,44.54116071428571,5,2,35,1
2017-02-05,38.6,27.70833333,54.16666667,37.02083333,25.375,40.208571428571425,44.294136904642855,6,2,36,1
2017-02-06,13.0,38.6,35.5175,41.75,56.125,37.98476190428572,44.76645833321429,0,2,37,0
2017-02-07,13.8,13.0,47.25,40.08333333,54.25,34.76797619,43.22627976178571,1,2,38,0
2017-02-08,36.0,13.8,31.625,51.1875,51.04166667,29.98940476142857,41.78163690464286,2,2,39,0
2017-02-09,20.4,36.0,42.29166667,36.625,65.9375,30.61440476142857,41.244434523571435,3,2,40,0
2017-02-10,23.2,20.4,42.90083333,42.60916667,54.41666667,27.48702380857143,39.61809523785714,4,2,41,0
2017-02-11,12.4,23.2,27.70833333,32.08333333,47.91666667,24.672619047142856,38.503214285357146,5,2,42,1
2017-02-12,27.4,12.4,38.6,54.16666667,38.79166667,22.485714285714288,37.23476190428572,6,2,43,1
2017-02-13,0.0,27.4,13.0,35.5175,63.5625,20.885714285714283,36.827916666071424,0,2,44,0
2017-02-14,22.0,0.0,13.8,47.25,48.45833333,19.02857142857143,34.557827380357146,1,2,45,0
2017-02-15,19.2,22.0,36.0,31.625,45.95833333,20.2,33.612886904285716,2,2,46,0
2017-02-16,31.6,19.2,20.4,42.29166667,37.75,17.8,32.6572321425,3,2,47,0
2017-02-17,12.25,31.6,23.2,42.90083333,37.625,19.4,32.43758928535714,4,2,48,0
2017-02-18,30.0,12.25,12.4,27.70833333,50.20833333,17.835714285714285,31.53133928535714,5,2,49,1
2017-02-19,13.0,30.0,27.4,38.6,37.02083333,20.349999999999998,30.809613095,6,2,50,1
2017-02-20,33.1,13.0,0.0,13.0,41.75,18.29285714285714,29.951726190357142,0,2,51,0
2017-02-21,22.9,33.1,22.0,13.8,40.08333333,23.02142857142857,29.642797618928572,1,2,52,0
2017-02-22,21.1,22.9,19.2,36.0,51.1875,23.15,29.02910714285714,2,2,53,0
2017-02-23,24.1,21.1,31.6,20.4,36.625,23.42142857142857,27.95455357142857,3,2,54,0
2017-02-24,29.8,24.1,12.25,23.2,42.60916667,22.35,27.50723214285714,4,2,55,0
2017-02-25,24.0,29.8,30.0,12.4,32.08333333,24.857142857142858,27.049761904642857,5,2,56,1
2017-02-26,15.7,24.0,13.0,27.4,54.16666667,24.0,26.761071428571427,6,2,57,1
2017-02-27,16.4,15.7,33.1,0.0,35.5175,24.38571428571429,25.38726190464286,0,2,58,0
2017-02-28,26.4,16.4,22.9,22.0,47.25,22.0,24.7044940475,1,2,59,0
2017-03-01,15.1,26.4,21.1,19.2,31.625,22.5,23.959851190357142,2,3,60,0
2017-03-02,13.0,15.1,24.1,31.6,42.29166667,21.64285714285714,23.369672618928572,3,3,61,0
2017-03-03,12.9,13.0,29.8,12.25,42.90083333,20.057142857142853,22.32354166642857,4,3,62,0
2017-03-04,17.0,12.9,24.0,30.0,27.70833333,17.642857142857142,21.252083333214284,5,3,63,1
2017-03-05,33.9,17.0,15.7,13.0,38.6,16.642857142857142,20.869642857142857,6,3,64,1
2017-03-06,19.6,33.9,16.4,33.1,13.0,19.24285714285714,20.701785714285712,0,3,65,0
2017-03-07,15.0,19.6,26.4,22.9,13.8,19.7,20.9375,1,3,66,0
2017-03-08,15.2,15.0,15.1,21.1,36.0,18.071428571428573,20.98035714285714,2,3,67,0
2017-03-09,26.9,15.2,13.0,24.1,20.4,18.085714285714285,20.237500000000004,3,3,68,0
2017-03-10,26.3,26.9,12.9,29.8,23.2,20.071428571428573,20.469642857142855,4,3,69,0
2017-03-11,20.1,26.3,17.0,24.0,12.4,21.985714285714284,20.580357142857142,5,3,70,1
2017-03-12,48.0,20.1,33.9,15.7,27.4,22.428571428571427,20.855357142857144,6,3,71,1
2017-03-13,17.8,48.0,19.6,16.4,0.0,24.442857142857143,21.59107142857143,0,3,72,0
2017-03-14,15.0,17.8,15.0,26.4,22.0,24.185714285714287,22.22678571428571,1,3,73,0
2017-03-15,14.6,15.0,15.2,15.1,19.2,24.185714285714287,21.97678571428571,2,3,74,0
2017-03-16,28.2,14.6,26.9,13.0,31.6,24.099999999999998,21.8125,3,3,75,0
2017-03-17,11.0,28.2,26.3,12.9,12.25,24.285714285714285,21.69107142857143,4,3,76,0
2017-03-18,20.4,11.0,20.1,17.0,30.0,22.099999999999998,21.646428571428572,5,3,77,1
2017-03-19,39.1,20.4,48.0,33.9,13.0,22.142857142857142,21.303571428571427,6,3,78,1
2017-03-20,16.1,39.1,17.8,19.6,33.1,20.871428571428574,22.235714285714288,0,3,79,0
2017-03-21,12.6,16.1,15.0,15.0,22.9,20.62857142857143,21.62857142857143,1,3,80,0
2017-03-22,16.4,12.6,14.6,15.2,21.1,20.285714285714285,21.260714285714283,2,3,81,0
2017-03-23,13.3,16.4,28.2,26.9,24.1,20.542857142857144,21.092857142857145,3,3,82,0
2017-03-24,12.3,13.3,11.0,26.3,29.8,18.414285714285715,20.707142857142856,4,3,83,0
2017-03-25,33.3,12.3,20.4,20.1,24.0,18.599999999999998,20.082142857142856,5,3,84,1
2017-03-26,18.0,33.3,39.1,48.0,15.7,20.442857142857143,20.414285714285715,6,3,85,1
2017-03-27,14.8,18.0,16.1,17.8,16.4,17.428571428571427,20.49642857142857,0,3,86,0
2017-03-28,22.0,14.8,12.6,15.0,26.4,17.242857142857144,20.439285714285713,1,3,87,0
2017-03-29,12.9,22.0,16.4,14.6,15.1,18.585714285714285,20.282142857142855,2,3,88,0
2017-03-30,9.5,12.9,13.3,28.2,13.0,18.085714285714285,20.203571428571426,3,3,89,0
2017-03-31,22.2,9.5,12.3,11.0,12.9,17.54285714285714,20.078571428571426,4,3,90,0
2017-04-01,34.0,22.2,33.3,20.4,17.0,18.957142857142856,20.410714285714285,5,4,91,1
2017-04-02,23.0,34.0,18.0,39.1,33.9,19.057142857142857,21.017857142857142,6,4,92,1
2017-04-03,25.6,23.0,14.8,16.1,19.6,19.771428571428572,20.62857142857143,0,4,93,0
2017-04-04,8.0,25.6,22.0,12.6,15.0,21.314285714285713,20.842857142857145,1,4,94,0
2017-04-05,13.6,8.0,12.9,16.4,15.2,19.314285714285713,20.592857142857145,2,4,95,0
2017-04-06,10.9,13.6,9.5,13.3,26.9,19.414285714285715,20.535714285714285,3,4,96,0
2017-04-07,16.0,10.9,22.2,12.3,26.3,19.614285714285717,19.964285714285715,4,4,97,0
2017-04-08,23.0,16.0,34.0,33.3,20.1,18.72857142857143,19.59642857142857,5,4,98,1
2017-04-09,22.0,23.0,23.0,18.0,48.0,17.15714285714286,19.7,6,4,99,1
2017-04-10,27.5,22.0,25.6,14.8,17.8,17.014285714285712,18.771428571428572,0,4,100,0
2017-04-11,17.0,27.5,8.0,22.0,15.0,17.285714285714285,19.11785714285714,1,4,101,0
2017-04-12,11.0,17.0,13.6,12.9,14.6,18.571428571428573,19.189285714285713,2,4,102,0
2017-04-13,30.9,11.0,10.9,9.5,28.2,18.2,19.060714285714283,3,4,103,0
2017-04-14,13.0,30.9,16.0,22.2,11.0,21.057142857142857,19.157142857142855,4,4,104,0
2017-04-15,27.25,13.0,23.0,34.0,20.4,20.62857142857143,19.228571428571428,5,4,105,1
2017-04-16,0.0,27.25,22.0,23.0,39.1,21.235714285714288,19.473214285714285,6,4,106,1
2017-04-17,18.4,0.0,27.5,25.6,16.1,18.092857142857145,18.076785714285712,0,4,107,0
2017-04-18,15.4,18.4,17.0,8.0,12.6,16.79285714285714,18.15892857142857,1,4,108,0
2017-04-19,14.0,15.4,11.0,13.6,16.4,16.564285714285713,18.258928571428573,2,4,109,0
2017-04-20,9.4,14.0,30.9,10.9,13.3,16.992857142857144,18.173214285714288,3,4,110,0
2017-04-21,29.0,9.4,13.0,16.0,12.3,13.921428571428573,18.03392857142857,4,4,111,0
2017-04-22,19.0,29.0,27.25,23.0,33.3,16.207142857142856,18.630357142857143,5,4,112,1
2017-04-23,25.5,19.0,0.0,22.0,18.0,15.028571428571427,18.119642857142857,6,4,113,1
2017-04-24,13.15,25.5,18.4,27.5,14.8,18.67142857142857,18.3875,0,4,114,0
2017-04-25,24.0,13.15,15.4,17.0,22.0,17.92142857142857,18.328571428571426,1,4,115,0
2017-04-26,10.2,24.0,14.0,11.0,12.9,19.150000000000002,18.4,2,4,116,0
2017-04-27,11.0,10.2,9.4,30.9,9.5,18.607142857142858,18.303571428571427,3,4,117,0
2017-04-28,15.4,11.0,29.0,13.0,22.2,18.835714285714285,18.357142857142858,4,4,118,0
2017-04-29,15.0,15.4,19.0,27.25,34.0,16.892857142857142,18.114285714285714,5,4,119,1
2017-04-30,18.0,15.0,25.5,0.0,23.0,16.321428571428573,17.435714285714287,6,4,120,1
2017-05-01,1.2,18.0,13.15,18.4,25.6,15.25,17.257142857142856,0,5,121,0
2017-05-02,23.0,1.2,24.0,15.4,8.0,13.542857142857143,16.385714285714286,1,5,122,0
2017-05-03,18.2,23.0,10.2,14.0,13.6,13.4,16.92142857142857,2,5,123,0
2017-05-04,11.6,18.2,11.0,9.4,10.9,14.542857142857143,17.085714285714285,3,5,124,0
2017-05-05,6.6,11.6,15.4,29.0,16.0,14.628571428571428,17.110714285714284,4,5,125,0
2017-05-06,14.0,6.6,15.0,19.0,23.0,13.371428571428572,16.775,5,5,126,1
2017-05-07,18.25,14.0,18.0,25.5,22.0,13.22857142857143,16.45357142857143,6,5,127,1
2017-05-08,8.0,18.25,1.2,13.15,27.5,13.264285714285714,16.319642857142856,0,5,128,0
2017-05-09,11.0,8.0,23.0,24.0,17.0,14.235714285714286,15.623214285714285,1,5,129,0
2017-05-10,15.0,11.0,18.2,10.2,11.0,12.521428571428572,15.408928571428572,2,5,130,0
2017-05-11,16.0,15.0,11.6,11.0,30.9,12.064285714285715,15.551785714285714,3,5,131,0
2017-05-12,16.4,16.0,6.6,15.4,13.0,12.692857142857145,15.019642857142857,4,5,132,0
2017-05-13,12.0,16.4,14.0,15.0,27.25,14.092857142857142,15.141071428571427,5,5,133,1
2017-05-14,31.5,12.0,18.25,18.0,0.0,13.807142857142855,14.596428571428572,6,5,134,1
2017-05-15,17.0,31.5,8.0,1.2,18.4,15.7,15.721428571428572,0,5,135,0
2017-05-16,16.2,17.0,11.0,23.0,15.4,16.985714285714284,15.671428571428569,1,5,136,0
2017-05-17,9.0,16.2,15.0,18.2,14.0,17.728571428571428,15.700000000000001,2,5,137,0
2017-05-18,28.2,9.0,16.0,11.6,9.4,16.87142857142857,15.521428571428572,3,5,138,0
2017-05-19,31.6,28.2,16.4,6.6,29.0,18.61428571428571,16.192857142857143,4,5,139,0
2017-05-20,16.4,31.6,12.0,14.0,19.0,20.785714285714285,16.285714285714285,5,5,140,1
2017-05-21,32.2,16.4,31.5,18.25,25.5,21.414285714285715,16.192857142857143,6,5,141,1
2017-05-22,22.4,32.2,17.0,8.0,13.15,21.514285714285716,16.432142857142857,0,5,142,0
2017-05-23,11.0,22.4,16.2,11.0,24.0,22.285714285714285,16.7625,1,5,143,0
2017-05-24,14.2,11.0,9.0,15.0,10.2,21.542857142857144,16.298214285714284,2,5,144,0
2017-05-25,18.2,14.2,28.2,16.0,11.0,22.28571428571429,16.44107142857143,3,5,145,0
2017-05-26,29.0,18.2,31.6,16.4,15.4,20.857142857142858,16.698214285714286,4,5,146,0
2017-05-27,23.4,29.0,16.4,12.0,15.0,20.485714285714288,17.183928571428574,5,5,147,1
2017-05-28,11.19,23.4,32.2,31.5,18.0,21.485714285714288,17.48392857142857,6,5,148,1
2017-05-29,28.0,11.19,22.4,17.0,1.2,18.48428571428571,17.240714285714287,0,5,149,0
2017-05-30,25.0,28.0,11.0,16.2,23.0,19.284285714285712,18.197857142857142,1,5,150,0
2017-05-31,12.2,25.0,14.2,9.0,18.2,21.284285714285712,18.26928571428571,2,5,151,0
2017-06-01,21.4,12.2,18.2,28.2,11.6,20.99857142857143,18.055,3,6,152,0
2017-06-02,17.4,21.4,29.0,31.6,6.6,21.455714285714286,18.405,4,6,153,0
2017-06-03,10.0,17.4,23.4,16.4,14.0,19.798571428571428,18.790714285714284,5,6,154,1
2017-06-04,23.4,10.0,11.19,32.2,18.25,17.884285714285713,18.64785714285714,6,6,155,1
2017-06-05,9.7,23.4,28.0,22.4,8.0,19.628571428571426,18.83178571428571,0,6,156,0
2017-06-06,18.0,9.7,25.0,11.0,11.0,17.014285714285712,18.892500000000002,1,6,157,0
2017-06-07,21.0,18.0,12.2,14.2,15.0,16.014285714285712,19.142500000000002,2,6,158,0
2017-06-08,21.0,21.0,21.4,18.2,16.0,17.271428571428572,19.356785714285714,3,6,159,0
2017-06-09,10.0,21.0,17.4,29.0,16.4,17.214285714285715,19.535357142857144,4,6,160,0
2017-06-10,15.0,10.0,10.0,23.4,12.0,16.157142857142855,19.306785714285716,5,6,161,1
2017-06-11,28.25,15.0,23.4,11.19,31.5,16.87142857142857,19.413928571428574,6,6,162,1
2017-06-12,13.6,28.25,9.7,28.0,17.0,17.564285714285713,19.297857142857143,0,6,163,0
2017-06-13,8.0,13.6,18.0,25.0,16.2,18.121428571428574,19.176428571428573,1,6,164,0
2017-06-14,9.0,8.0,21.0,12.2,9.0,16.692857142857143,18.88357142857143,2,6,165,0
2017-06-15,15.0,9.0,21.0,21.4,28.2,14.978571428571428,18.88357142857143,3,6,166,0
2017-06-16,12.25,15.0,10.0,17.4,31.6,14.12142857142857,18.412142857142857,4,6,167,0
2017-06-17,12.0,12.25,15.0,10.0,16.4,14.442857142857141,17.721071428571427,5,6,168,1
2017-06-18,26.6,12.0,28.25,23.4,32.2,14.014285714285714,17.56392857142857,6,6,169,1
2017-06-19,18.0,26.6,13.6,9.7,22.4,13.778571428571427,17.36392857142857,0,6,170,0
2017-06-20,12.0,18.0,8.0,18.0,11.0,14.407142857142857,17.206785714285715,1,6,171,0
2017-06-21,21.0,12.0,9.0,21.0,14.2,14.978571428571428,17.2425,2,6,172,0
2017-06-22,7.0,21.0,15.0,21.0,18.2,16.692857142857143,17.485357142857143,3,6,173,0
2017-06-23,16.0,7.0,12.25,10.0,29.0,15.549999999999999,17.08535714285714,4,6,174,0
2017-06-24,32.0,16.0,12.0,15.0,23.4,16.085714285714285,16.62107142857143,5,6,175,1
2017-06-25,22.0,32.0,26.6,28.25,11.19,18.942857142857143,16.928214285714287,6,6,176,1
2017-06-26,10.0,22.0,18.0,13.6,28.0,18.285714285714285,17.314285714285713,0,6,177,0
2017-06-27,13.5,10.0,12.0,8.0,25.0,17.142857142857142,16.67142857142857,1,6,178,0
2017-06-28,18.0,13.5,21.0,9.0,12.2,17.357142857142858,16.260714285714286,2,6,179,0
2017-06-29,17.0,18.0,7.0,15.0,21.4,16.928571428571427,16.467857142857145,3,6,180,0
2017-06-30,18.0,17.0,16.0,12.25,17.4,18.357142857142858,16.310714285714287,4,6,181,0
2017-07-01,10.0,18.0,32.0,12.0,10.0,18.642857142857142,16.33214285714286,5,7,182,1
2017-07-02,9.0,10.0,22.0,26.6,23.4,15.5,16.33214285714286,6,7,183,1
2017-07-03,8.0,9.0,10.0,18.0,9.7,13.642857142857142,15.817857142857145,0,7,184,0
2017-07-04,18.0,8.0,13.5,12.0,18.0,13.357142857142858,15.757142857142856,1,7,185,0
2017-07-05,16.0,18.0,18.0,21.0,21.0,14.0,15.757142857142856,2,7,186,0
2017-07-06,20.6,16.0,17.0,7.0,21.0,13.714285714285714,15.578571428571427,3,7,187,0
2017-07-07,17.0,20.6,18.0,16.0,10.0,14.22857142857143,15.564285714285713,4,7,188,0
2017-07-08,16.0,17.0,10.0,32.0,15.0,14.085714285714285,15.814285714285713,5,7,189,1
2017-07-09,15.0,16.0,9.0,22.0,28.25,14.942857142857141,15.849999999999998,6,7,190,1
2017-07-10,12.0,15.0,8.0,10.0,13.6,15.799999999999999,15.376785714285713,0,7,191,0
2017-07-11,18.0,12.0,18.0,13.5,8.0,16.37142857142857,15.319642857142858,1,7,192,0
2017-07-12,15.4,18.0,16.0,18.0,9.0,16.37142857142857,15.676785714285716,2,7,193,0
2017-07-13,9.6,15.4,20.6,17.0,15.0,16.285714285714285,15.905357142857143,3,7,194,0
2017-07-14,16.0,9.6,17.0,18.0,12.25,14.714285714285714,15.712500000000002,4,7,195,0
2017-07-15,21.0,16.0,16.0,10.0,12.0,14.571428571428571,15.846428571428573,5,7,196,1
2017-07-16,19.0,21.0,15.0,9.0,26.6,15.285714285714286,16.167857142857144,6,7,197,1
2017-07-17,16.4,19.0,12.0,8.0,18.0,15.857142857142858,15.896428571428572,0,7,198,0
2017-07-18,14.0,16.4,18.0,18.0,12.0,16.485714285714288,15.839285714285714,1,7,199,0
2017-07-19,20.6,14.0,15.4,16.0,21.0,15.914285714285715,15.910714285714286,2,7,200,0
2017-07-20,18.0,20.6,9.6,20.6,7.0,16.657142857142855,15.896428571428572,3,7,201,0
2017-07-21,14.0,18.0,16.0,17.0,16.0,17.857142857142858,16.289285714285715,4,7,202,0
2017-07-22,22.0,14.0,21.0,16.0,32.0,17.571428571428573,16.217857142857145,5,7,203,1
2017-07-23,12.0,22.0,19.0,15.0,22.0,17.714285714285715,15.860714285714286,6,7,204,1
2017-07-24,15.0,12.0,16.4,12.0,10.0,16.714285714285715,15.50357142857143,0,7,205,0
2017-07-25,14.0,15.0,14.0,18.0,13.5,16.514285714285712,15.682142857142859,1,7,206,0
2017-07-26,15.0,14.0,20.6,15.4,18.0,16.514285714285712,15.700000000000001,2,7,207,0
2017-07-27,12.4,15.0,18.0,9.6,17.0,15.714285714285714,15.592857142857143,3,7,208,0
2017-07-28,17.2,12.4,14.0,16.0,18.0,14.914285714285715,15.428571428571429,4,7,209,0
2017-07-29,14.15,17.2,22.0,21.0,10.0,15.37142857142857,15.4,5,7,210,1
2017-07-30,13.0,14.15,12.0,19.0,9.0,14.25,15.548214285714286,6,7,211,1
2017-07-31,21.0,13.0,15.0,16.4,8.0,14.392857142857142,15.69107142857143,0,7,212,0
2017-08-01,15.6,21.0,14.0,14.0,18.0,15.25,16.155357142857145,1,8,213,0
2017-08-02,25.0,15.6,15.0,20.6,16.0,15.478571428571428,16.069642857142856,2,8,214,0
2017-08-03,10.0,25.0,12.4,18.0,20.6,16.907142857142855,16.39107142857143,3,8,215,0
2017-08-04,15.0,10.0,17.2,14.0,17.0,16.564285714285713,16.0125,4,8,216,0
2017-08-05,13.312,15.0,14.15,22.0,16.0,16.25,15.94107142857143,5,8,217,1
2017-08-06,13.0,13.312,13.0,12.0,15.0,16.130285714285716,15.84507142857143,6,8,218,1
2017-08-07,16.0,13.0,21.0,15.0,12.0,16.130285714285716,15.773642857142859,0,8,219,0
2017-08-08,11.188,16.0,15.6,14.0,18.0,15.416,15.916500000000001,1,8,220,0
2017-08-09,13.0,11.188,25.0,15.0,15.4,14.785714285714286,15.673214285714286,2,8,221,0
2017-08-10,9.0,13.0,10.0,12.4,9.6,13.071428571428571,15.5875,3,8,222,0
2017-08-11,8.0,9.0,15.0,17.2,16.0,12.928571428571429,15.56607142857143,4,8,223,0
2017-08-12,22.6,8.0,13.312,14.15,21.0,11.928571428571429,15.280357142857143,5,8,224,1
2017-08-13,24.0,22.6,13.0,13.0,19.0,13.25542857142857,15.337500000000002,6,8,225,1
2017-08-14,13.0,24.0,16.0,21.0,16.4,14.826857142857142,15.516071428571431,0,8,226,0
2017-08-15,35.0,13.0,11.188,15.6,14.0,14.398285714285715,15.394642857142857,1,8,227,0
2017-08-16,10.45,35.0,13.0,25.0,20.6,17.8,16.14464285714286,2,8,228,0
2017-08-17,12.0,10.45,9.0,10.0,18.0,17.435714285714287,15.782142857142858,3,8,229,0
2017-08-18,15.0,12.0,8.0,15.0,14.0,17.864285714285717,15.567857142857141,4,8,230,0
2017-08-19,16.0,15.0,22.6,13.312,22.0,18.864285714285717,15.603571428571428,5,8,231,1
2017-08-20,14.4,16.0,24.0,13.0,12.0,17.92142857142857,15.389285714285714,6,8,232,1
2017-08-21,19.0,14.4,13.0,16.0,15.0,16.55,15.474999999999998,0,8,233,0
2017-08-22,22.2,19.0,35.0,11.188,14.0,17.407142857142855,15.617857142857142,1,8,234,0
2017-08-23,42.0,22.2,10.45,13.0,15.0,15.578571428571427,15.910714285714286,2,8,235,0
2017-08-24,27.0,42.0,12.0,9.0,12.4,20.085714285714285,16.875,3,8,236,0
2017-08-25,20.25,27.0,15.0,8.0,17.2,22.228571428571428,17.396428571428572,4,8,237,0
2017-08-26,19.0,20.25,16.0,22.6,14.15,22.978571428571428,17.505357142857143,5,8,238,1
2017-08-27,21.3,19.0,14.4,24.0,13.0,23.407142857142855,17.678571428571427,6,8,239,1
2017-08-28,16.0,21.3,19.0,13.0,21.0,24.392857142857142,17.974999999999998,0,8,240,0
2017-08-29,17.0,16.0,22.2,35.0,15.6,23.964285714285715,17.79642857142857,1,8,241,0
2017-08-30,17.0,17.0,42.0,10.45,25.0,23.22142857142857,17.84642857142857,2,8,242,0
2017-08-31,17.0,17.0,27.0,12.0,10.0,19.650000000000002,17.560714285714287,3,8,243,0
2017-09-01,20.6,17.0,20.25,15.0,15.0,18.22142857142857,17.810714285714287,4,9,244,0
2017-09-02,18.4,20.6,19.0,16.0,13.312,18.271428571428572,18.010714285714286,5,9,245,1
2017-09-03,18.4,18.4,21.3,14.4,13.0,18.185714285714287,18.19242857142857,6,9,246,1
2017-09-04,24.0,18.4,16.0,19.0,16.0,17.771428571428572,18.385285714285715,0,9,247,0
2017-09-05,19.1,24.0,17.0,22.2,11.188,18.914285714285715,18.671,1,9,248,0
2017-09-06,32.0,19.1,17.0,42.0,13.0,19.214285714285715,18.95357142857143,2,9,249,0
2017-09-07,18.0,32.0,17.0,27.0,9.0,21.357142857142858,19.63214285714286,3,9,250,0
2017-09-08,34.0,18.0,20.6,20.25,8.0,21.5,19.95357142857143,4,9,251,0
2017-09-09,20.0,34.0,18.4,19.0,22.6,23.414285714285715,20.88214285714286,5,9,252,1
2017-09-10,35.6,20.0,18.4,21.3,24.0,23.642857142857142,20.789285714285715,6,9,253,1
2017-09-11,12.0,35.6,24.0,16.0,13.0,26.099999999999998,21.203571428571426,0,9,254,0
2017-09-12,18.25,12.0,19.1,17.0,35.0,24.385714285714283,21.16785714285714,1,9,255,0
2017-09-13,25.0,18.25,32.0,17.0,10.45,24.264285714285712,20.569642857142856,2,9,256,0
2017-09-14,22.4,25.0,18.0,17.0,12.0,23.264285714285712,21.089285714285715,3,9,257,0
2017-09-15,16.0,22.4,34.0,20.6,15.0,23.892857142857142,21.46071428571429,4,9,258,0
2017-09-16,27.3,16.0,20.0,18.4,16.0,21.321428571428573,21.496428571428574,5,9,259,1
2017-09-17,32.0,27.3,35.6,18.4,14.4,22.364285714285717,21.900000000000002,6,9,260,1
2017-09-18,27.0,32.0,12.0,24.0,19.0,21.85,22.52857142857143,0,9,261,0
2017-09-19,43.25,27.0,18.25,19.1,22.2,23.992857142857144,22.814285714285713,1,9,262,0
2017-09-20,35.45,43.25,25.0,32.0,42.0,27.564285714285713,23.56607142857143,2,9,263,0
2017-09-21,19.7,35.45,22.4,18.0,27.0,29.057142857142857,23.33214285714286,3,9,264,0
2017-09-22,27.5,19.7,16.0,34.0,20.25,28.67142857142857,23.071428571428573,4,9,265,0
2017-09-23,14.45,27.5,27.3,20.0,19.0,30.314285714285713,23.330357142857142,5,9,266,1
2017-09-24,52.4,14.45,32.0,35.6,21.3,28.478571428571428,23.167857142857144,6,9,267,1
2017-09-25,39.2,52.4,27.0,12.0,16.0,31.392857142857142,24.27857142857143,0,9,268,0
2017-09-26,38.6,39.2,43.25,18.25,17.0,33.135714285714286,25.107142857142858,1,9,269,0
2017-09-27,38.0,38.6,35.45,25.0,17.0,32.47142857142857,25.878571428571426,2,9,270,0
2017-09-28,37.85,38.0,19.7,22.4,17.0,32.83571428571428,26.628571428571426,3,9,271,0
2017-09-29,35.4,37.85,27.5,16.0,20.6,35.42857142857143,27.373214285714283,4,9,272,0
2017-09-30,61.9,35.4,14.45,27.3,18.4,36.55714285714286,27.901785714285715,5,9,273,1
2017-10-01,72.1,61.9,52.4,32.0,18.4,43.33571428571429,29.455357142857142,6,10,274,1
2017-10-02,18.0,72.1,39.2,27.0,24.0,46.15,31.373214285714283,0,10,275,0
2017-10-03,57.2,18.0,38.6,43.25,19.1,43.121428571428574,31.158928571428568,1,10,276,0
2017-10-04,37.0,57.2,38.0,35.45,32.0,45.778571428571425,32.519642857142856,2,10,277,0
2017-10-05,40.8,37.0,37.85,19.7,18.0,45.635714285714286,32.698214285714286,3,10,278,0
2017-10-06,39.8,40.8,35.4,27.5,34.0,46.05714285714286,33.512499999999996,4,10,279,0
2017-10-07,35.25,39.8,61.9,14.45,20.0,46.68571428571429,33.71964285714286,5,10,280,1
2017-10-08,77.1,35.25,72.1,52.4,35.6,42.878571428571426,34.26428571428571,6,10,281,1
2017-10-09,0.0,77.1,18.0,39.2,12.0,43.59285714285714,35.746428571428574,0,10,282,0
2017-10-10,25.0,0.0,57.2,38.6,18.25,41.021428571428565,35.31785714285714,1,10,283,0
2017-10-11,39.4,25.0,37.0,38.0,25.0,36.42142857142857,35.558928571428574,2,10,284,0
2017-10-12,41.0,39.4,40.8,37.85,22.4,36.76428571428572,36.073214285714286,3,10,285,0
2017-10-13,38.0,41.0,39.8,35.4,16.0,36.792857142857144,36.7375,4,10,286,0
2017-10-14,42.2,38.0,35.25,61.9,27.3,36.535714285714285,37.52321428571428,5,10,287,1
2017-10-15,37.0,42.2,77.1,72.1,32.0,37.528571428571425,38.05535714285714,6,10,288,1
2017-10-16,45.1,37.0,0.0,18.0,27.0,31.8,38.23392857142857,0,10,289,0
2017-10-17,26.2,45.1,25.0,57.2,43.25,38.24285714285715,38.88035714285714,1,10,290,0
2017-10-18,52.85,26.2,39.4,37.0,35.45,38.41428571428572,38.271428571428565,2,10,291,0
2017-10-19,25.5,52.85,41.0,40.8,19.7,40.33571428571429,38.892857142857146,3,10,292,0
2017-10-20,36.25,25.5,38.0,39.8,27.5,38.121428571428574,39.1,4,10,293,0
2017-10-21,25.2,36.25,42.2,35.25,14.45,37.871428571428574,39.4125,5,10,294,1
2017-10-22,57.8,25.2,37.0,77.1,52.4,35.44285714285714,39.79642857142858,6,10,295,1
2017-10-23,28.6,57.8,45.1,0.0,39.2,38.41428571428571,39.989285714285714,0,10,296,0
2017-10-24,65.2,28.6,26.2,25.0,38.6,36.05714285714286,39.61071428571428,1,10,297,0
2017-10-25,26.9,65.2,52.85,39.4,38.0,41.628571428571426,40.56071428571429,2,10,298,0
2017-10-26,38.0,26.9,25.5,41.0,37.85,37.92142857142857,40.16428571428572,3,10,299,0
2017-10-27,26.0,38.0,36.25,38.0,35.4,39.707142857142856,40.169642857142854,4,10,300,0
2017-10-28,24.1,26.0,25.2,42.2,61.9,38.24285714285714,39.83392857142858,5,10,301,1
2017-10-29,36.0,24.1,57.8,37.0,72.1,38.08571428571429,38.48392857142857,6,10,302,1
2017-10-30,32.8,36.0,28.6,45.1,18.0,34.97142857142857,37.19464285714286,0,10,303,0
2017-10-31,38.0,32.8,65.2,26.2,57.2,35.57142857142857,37.723214285714285,1,10,304,0
2017-11-01,23.0,38.0,26.9,52.85,37.0,31.685714285714287,37.0375,2,11,305,0
2017-11-02,22.1,23.0,38.0,25.5,40.8,31.128571428571426,36.5375,3,11,306,0
2017-11-03,37.4,22.1,26.0,36.25,39.8,28.857142857142858,35.86964285714286,4,11,307,0
2017-11-04,33.0,37.4,24.1,25.2,35.25,30.485714285714284,35.78392857142857,5,11,308,1
2017-11-05,35.45,33.0,36.0,57.8,77.1,31.75714285714286,35.70357142857143,6,11,309,1
2017-11-06,20.2,35.45,32.8,28.6,0.0,31.678571428571427,34.216071428571425,0,11,310,0
2017-11-07,20.0,20.2,38.0,65.2,25.0,29.878571428571426,34.9375,1,11,311,0
2017-11-08,9.2,20.0,23.0,26.9,39.4,27.307142857142853,34.75892857142857,2,11,312,0
2017-11-09,28.8,9.2,22.1,38.0,41.0,25.335714285714285,33.68035714285714,3,11,313,0
2017-11-10,34.0,28.8,37.4,26.0,38.0,26.29285714285714,33.24464285714286,4,11,314,0
2017-11-11,32.0,34.0,33.0,24.1,42.2,25.807142857142853,33.10178571428572,5,11,315,1
2017-11-12,40.0,32.0,35.45,36.0,37.0,25.66428571428571,32.737500000000004,6,11,316,1
2017-11-13,44.2,40.0,20.2,32.8,45.1,26.314285714285713,32.84464285714286,0,11,317,0
2017-11-14,6.8,44.2,20.0,38.0,26.2,29.742857142857144,32.8125,1,11,318,0
2017-11-15,17.0,6.8,9.2,23.0,52.85,27.85714285714286,32.11964285714286,2,11,319,0
2017-11-16,17.6,17.0,28.8,22.1,25.5,28.97142857142857,30.839285714285715,3,11,320,0
2017-11-17,34.0,17.6,34.0,37.4,36.25,27.371428571428574,30.557142857142853,4,11,321,0
2017-11-18,42.5,34.0,32.0,33.0,25.2,27.371428571428574,30.47678571428571,5,11,322,1
2017-11-19,29.0,42.5,40.0,35.45,57.8,28.871428571428574,31.094642857142862,6,11,323,1
2017-11-20,28.8,29.0,44.2,20.2,28.6,27.300000000000004,30.066071428571433,0,11,324,0
2017-11-21,22.4,28.8,6.8,20.0,65.2,25.1,30.07321428571429,1,11,325,0
2017-11-22,26.1,22.4,17.0,9.2,26.9,27.328571428571426,28.544642857142858,2,11,326,0
2017-11-23,34.3,26.1,17.6,28.8,38.0,28.62857142857143,28.51607142857143,3,11,327,0
2017-11-24,34.324,34.3,34.0,34.0,26.0,31.014285714285712,28.383928571428573,4,11,328,0
2017-11-25,26.5,34.324,42.5,32.0,24.1,31.060571428571425,28.681214285714287,5,11,329,1
2017-11-26,31.2,26.5,29.0,40.0,36.0,28.77485714285714,28.766928571428572,6,11,330,1
2017-11-27,34.825,31.2,28.8,44.2,32.8,29.089142857142857,28.595499999999998,0,11,331,0
2017-11-28,40.6,34.825,22.4,6.8,38.0,29.949857142857145,28.667821428571433,1,11,332,0
2017-11-29,32.6,40.6,26.1,17.0,23.0,32.54985714285714,28.760678571428574,2,11,333,0
2017-11-30,30.0,32.6,34.3,17.6,22.1,33.47842857142857,29.10353571428572,3,11,334,0
2017-12-01,25.4,30.0,34.324,34.0,37.4,32.86414285714286,29.38567857142857,4,12,335,0
2017-12-02,22.0,25.4,26.5,42.5,33.0,31.58928571428572,28.957107142857147,5,12,336,1
2017-12-03,33.4,22.0,31.2,29.0,35.45,30.946428571428573,28.564250000000005,6,12,337,1
2017-12-04,15.6,33.4,34.825,28.8,20.2,31.260714285714283,28.491035714285715,0,12,338,0
2017-12-05,17.1,15.6,40.6,22.4,20.0,28.514285714285716,28.32675,1,12,339,0
2017-12-06,29.2,17.1,32.6,26.1,9.2,25.157142857142855,28.223178571428573,2,12,340,0
2017-12-07,24.9,29.2,30.0,34.3,28.8,24.67142857142857,28.937464285714288,3,12,341,0
2017-12-08,44.2,24.9,25.4,34.324,34.0,23.942857142857143,28.79817857142857,4,12,342,0
2017-12-09,36.6,44.2,22.0,26.5,32.0,26.628571428571426,29.162464285714286,5,12,343,1
2017-12-10,48.0,36.6,33.4,31.2,40.0,28.714285714285715,29.32675,6,12,344,1
2017-12-11,34.4,48.0,15.6,34.825,44.2,30.800000000000004,29.612464285714285,0,12,345,0
2017-12-12,44.0,34.4,17.1,40.6,6.8,33.48571428571428,29.262464285714287,1,12,346,0
2017-12-13,29.0,44.0,29.2,32.6,17.0,37.32857142857143,30.591035714285713,2,12,347,0
2017-12-14,30.0,29.0,24.9,30.0,17.6,37.300000000000004,31.019607142857144,3,12,348,0
2017-12-15,29.0,30.0,44.2,25.4,34.0,38.028571428571425,31.462464285714287,4,12,349,0
2017-12-16,36.6,29.0,36.6,22.0,42.5,35.857142857142854,31.28389285714286,5,12,350,1
2017-12-17,37.0,36.6,48.0,33.4,29.0,35.857142857142854,31.073178571428574,6,12,351,1
2017-12-18,31.6,37.0,34.4,15.6,28.8,34.285714285714285,31.358892857142855,0,12,352,0
2017-12-19,0.0,31.6,44.0,17.1,22.4,33.885714285714286,31.458892857142853,1,12,353,0
2017-12-20,27.2,0.0,29.0,29.2,26.1,27.599999999999998,30.65889285714286,2,12,354,0
2017-12-21,23.4,27.2,30.0,24.9,34.3,27.342857142857138,30.69817857142857,3,12,355,0
2017-12-22,26.0,23.4,29.0,44.2,34.324,26.4,30.308892857142858,4,12,356,0
2017-12-23,28.3,26.0,36.6,36.6,26.5,25.97142857142857,30.01160714285714,5,12,357,1
2017-12-24,32.2,28.3,37.0,48.0,31.2,24.785714285714285,30.075892857142858,6,12,358,1
2017-12-25,15.53,32.2,31.6,34.4,34.825,24.099999999999998,30.111607142857142,0,12,359,0
2017-12-26,56.9,15.53,0.0,44.0,40.6,21.804285714285715,29.422500000000003,1,12,360,0
2017-12-27,32.7,56.9,27.2,29.0,32.6,29.93285714285714,30.00464285714286,2,12,361,0
2017-12-28,35.35,32.7,23.4,30.0,30.0,30.718571428571433,30.00821428571428,3,12,362,0
2017-12-29,41.4,35.35,26.0,29.0,25.4,32.425714285714285,30.199285714285715,4,12,363,0
2017-12-30,50.0,41.4,28.3,36.6,22.0,34.62571428571429,30.770714285714284,5,12,364,1
2017-12-31,70.2,50.0,32.2,37.0,33.4,37.72571428571428,31.770714285714284,6,12,365,1
2018-01-01,0.0,70.2,15.53,31.6,15.6,43.15428571428572,33.085,0,1,1,0
2018-01-02,38.0,0.0,56.9,0.0,17.1,40.935714285714276,32.527857142857144,1,1,2,0
2018-01-03,54.0,38.0,32.7,27.2,29.2,38.23571428571428,33.27428571428572,2,1,3,0
2018-01-04,39.2,54.0,35.35,23.4,24.9,41.27857142857143,34.160000000000004,3,1,4,0
2018-01-05,26.0,39.2,41.4,26.0,44.2,41.82857142857143,34.67071428571429,4,1,5,0
2018-01-06,73.0,26.0,50.0,28.3,36.6,39.62857142857143,34.020714285714284,5,1,6,1
2018-01-07,0.0,73.0,70.2,32.2,48.0,42.91428571428572,35.32071428571429,6,1,7,1
2018-01-08,29.6,0.0,0.0,15.53,34.4,32.885714285714286,33.60642857142857,0,1,8,0
2018-01-09,33.825,29.6,38.0,56.9,44.0,37.114285714285714,33.434999999999995,1,1,9,0
2018-01-10,44.5,33.825,54.0,32.7,29.0,36.517857142857146,33.07160714285714,2,1,10,0
2018-01-11,37.6,44.5,39.2,35.35,30.0,35.160714285714285,33.62517857142857,3,1,11,0
2018-01-12,42.0,37.6,26.0,41.4,29.0,34.932142857142864,33.89660714285714,4,1,12,0
2018-01-13,32.0,42.0,73.0,50.0,36.6,37.21785714285715,34.36089285714286,5,1,13,1
2018-01-14,36.0,32.0,0.0,70.2,37.0,31.36071428571429,34.19660714285714,6,1,14,1
2018-01-15,26.0,36.0,29.6,0.0,31.6,36.50357142857143,34.160892857142855,0,1,15,0
2018-01-16,18.0,26.0,33.825,38.0,0.0,35.989285714285714,33.96089285714286,1,1,16,0
2018-01-17,30.2,18.0,44.5,54.0,27.2,33.728571428571435,34.60375,2,1,17,0
2018-01-18,58.4,30.2,37.6,39.2,23.4,31.685714285714287,34.71089285714286,3,1,18,0
2018-01-19,23.4,58.4,42.0,26.0,26.0,34.65714285714285,35.96089285714286,4,1,19,0
2018-01-20,38.0,23.4,32.0,73.0,28.3,31.999999999999996,35.86803571428572,5,1,20,1
2018-01-21,32.8,38.0,36.0,0.0,32.2,32.857142857142854,36.214464285714286,6,1,21,1
2018-01-22,29.0,32.8,26.0,29.6,15.53,32.4,36.23589285714286,0,1,22,0
2018-01-23,38.6,29.0,18.0,33.825,56.9,32.82857142857143,36.71696428571429,1,1,23,0
2018-01-24,32.0,38.6,30.2,44.5,32.7,35.77142857142857,36.06339285714286,2,1,24,0
2018-01-25,36.8,32.0,58.4,37.6,35.35,36.028571428571425,36.03839285714286,3,1,25,0
2018-01-26,62.2,36.8,23.4,42.0,41.4,32.94285714285714,36.090178571428574,4,1,26,0
2018-01-27,52.9,62.2,38.0,32.0,50.0,38.48571428571428,36.833035714285714,5,1,27,1
2018-01-28,55.0,52.9,32.8,36.0,70.2,40.614285714285714,36.93660714285715,6,1,28,1
2018-01-29,47.9,55.0,29.0,26.0,0.0,43.785714285714285,36.39375,0,1,29,0
2018-01-30,37.0,47.9,38.6,18.0,38.0,46.48571428571428,38.104464285714286,1,1,30,0
2018-01-31,30.4,37.0,32.0,30.2,54.0,46.25714285714285,38.06875,2,1,31,0
2018-02-01,30.5,30.4,36.8,58.4,39.2,46.028571428571425,37.22589285714286,3,2,32,0
2018-02-02,54.6,30.5,62.2,23.4,26.0,45.12857142857143,36.91517857142857,4,2,33,0
2018-02-03,67.1,54.6,52.9,38.0,73.0,44.042857142857144,37.93660714285714,5,2,34,1
2018-02-04,50.6,67.1,55.0,32.8,0.0,46.07142857142857,37.72589285714286,6,2,35,1
2018-02-05,53.0,50.6,47.9,29.0,29.6,45.442857142857136,39.53303571428571,0,2,36,0
2018-02-06,51.5,53.0,37.0,38.6,33.825,46.17142857142857,40.36875,1,2,37,0
2018-02-07,44.8,51.5,30.4,32.0,44.5,48.24285714285714,41.0,2,2,38,0
2018-02-08,47.0,44.8,30.5,36.8,37.6,50.3,41.010714285714286,3,2,39,0
2018-02-09,47.0,47.0,54.6,62.2,42.0,52.65714285714285,41.346428571428575,4,2,40,0
2018-02-10,60.4,47.0,67.1,52.9,32.0,51.57142857142857,41.525,5,2,41,1
2018-02-11,63.25,60.4,50.6,55.0,36.0,50.61428571428571,42.53928571428572,6,2,42,1
2018-02-12,36.3,63.25,53.0,47.9,26.0,52.42142857142858,43.5125,0,2,43,0
2018-02-13,17.8,36.3,51.5,37.0,18.0,50.035714285714285,43.88035714285714,1,2,44,0
2018-02-14,50.3,17.8,44.8,30.4,30.2,45.221428571428575,43.87321428571429,2,2,45,0
2018-02-15,74.6,50.3,47.0,30.5,58.4,46.00714285714286,44.591071428571425,3,2,46,0
2018-02-16,65.162,74.6,47.0,54.6,23.4,49.949999999999996,45.169642857142854,4,2,47,0
2018-02-17,50.4,65.162,60.4,67.1,38.0,52.54457142857143,46.66114285714286,5,2,48,1
2018-02-18,44.0,50.4,63.25,50.6,32.8,51.116,47.104,6,2,49,1
2018-02-19,27.0,44.0,36.3,53.0,29.0,48.366,47.504,0,2,50,0
2018-02-20,30.2,27.0,17.8,51.5,38.6,47.03742857142857,47.43257142857142,1,2,51,0
2018-02-21,27.4,30.2,50.3,44.8,32.0,48.80885714285714,47.13257142857143,2,2,52,0
2018-02-22,30.0,27.4,74.6,47.0,36.8,45.53742857142857,46.96828571428572,3,2,53,0
2018-02-23,34.2,30.0,65.162,47.0,62.2,39.166000000000004,46.72542857142857,4,2,54,0
2018-02-24,43.5,34.2,50.4,60.4,52.9,34.74285714285714,45.725428571428566,5,2,55,1
2018-02-25,36.8,43.5,44.0,63.25,55.0,33.75714285714286,45.38971428571428,6,2,56,1
2018-02-26,46.6,36.8,27.0,36.3,47.9,32.728571428571435,44.739714285714285,0,2,57,0
2018-02-27,26.7,46.6,30.2,17.8,37.0,35.52857142857143,44.693285714285715,1,2,58,0
2018-02-28,44.662,26.7,27.4,50.3,30.4,35.028571428571425,44.325428571428574,2,2,59,0
2018-03-01,26.4,44.662,30.0,74.6,30.5,37.494571428571426,44.834785714285715,3,3,60,0
2018-03-02,38.4,26.4,34.2,65.162,54.6,36.98028571428572,44.688357142857136,4,3,61,0
2018-03-03,40.187,38.4,43.5,50.4,67.1,37.580285714285715,44.109785714285714,5,3,62,1
2018-03-04,33.6,40.187,36.8,44.0,50.6,37.107000000000006,43.14860714285714,6,3,63,1
2018-03-05,25.0,33.6,46.6,27.0,53.0,36.64985714285714,42.54146428571429,0,3,64,0
2018-03-06,22.2,25.0,26.7,30.2,51.5,33.564142857142855,41.54146428571429,1,3,65,0
2018-03-07,20.2,22.2,44.662,27.4,44.8,32.921285714285716,40.49503571428571,2,3,66,0
2018-03-08,25.8,20.2,26.4,30.0,47.0,29.426714285714286,39.61646428571429,3,3,67,0
2018-03-09,41.0,25.8,38.4,34.2,47.0,29.341,38.85932142857143,4,3,68,0
2018-03-10,21.7,41.0,40.187,43.5,60.4,29.712428571428575,38.64503571428571,5,3,69,1
2018-03-11,68.0,21.7,33.6,36.8,63.25,27.071428571428573,37.26289285714285,6,3,70,1
2018-03-12,22.2,68.0,25.0,46.6,36.3,31.985714285714288,37.43253571428571,0,3,71,0
2018-03-13,15.2,22.2,22.2,26.7,17.8,31.585714285714285,36.92896428571429,1,3,72,0
2018-03-14,31.0,15.2,20.2,44.662,50.3,30.585714285714285,36.836107142857145,2,3,73,0
2018-03-15,23.9,31.0,25.8,26.4,74.6,32.128571428571426,36.14682142857143,3,3,74,0
2018-03-16,29.0,23.9,41.0,38.4,65.162,31.857142857142858,34.336107142857145,4,3,75,0
2018-03-17,65.0,29.0,21.7,40.187,50.4,30.142857142857142,33.044607142857146,5,3,76,1
2018-03-18,21.5,65.0,68.0,33.6,44.0,36.32857142857143,33.56603571428572,6,3,77,1
2018-03-19,19.6,21.5,22.2,25.0,27.0,29.685714285714287,32.76246428571429,0,3,78,0
2018-03-20,48.6,19.6,15.2,22.2,30.2,29.314285714285717,32.498178571428575,1,3,79,0
2018-03-21,27.0,48.6,31.0,20.2,27.4,34.08571428571428,33.155321428571426,2,3,80,0
2018-03-22,24.6,27.0,23.9,25.8,30.0,33.51428571428571,33.141035714285714,3,3,81,0
2018-03-23,34.0,24.6,29.0,41.0,34.2,33.614285714285714,32.94817857142857,4,3,82,0
2018-03-24,40.0,34.0,65.0,21.7,43.5,34.32857142857143,32.94103571428571,5,3,83,1
2018-03-25,47.312,40.0,21.5,68.0,36.8,30.75714285714286,32.81603571428571,6,3,84,1
2018-03-26,27.6,47.312,19.6,22.2,46.6,34.44457142857143,33.19146428571428,0,3,85,0
2018-03-27,28.0,27.6,48.6,15.2,26.7,35.58742857142857,32.51289285714286,1,3,86,0
2018-03-28,11.924,28.0,27.0,31.0,44.662,32.64457142857143,32.55932142857143,2,3,87,0
2018-03-29,28.2,11.924,24.6,23.9,26.4,30.490857142857145,31.390107142857143,3,3,88,0
2018-03-30,42.0,28.2,34.0,29.0,38.4,31.005142857142857,31.45439285714286,4,3,89,0
2018-03-31,50.0,42.0,40.0,65.0,40.187,32.148,31.582964285714286,5,3,90,1
2018-04-01,37.0,50.0,47.312,21.5,33.6,33.57657142857143,31.93342857142857,6,4,91,1
2018-04-02,30.0,37.0,27.6,19.6,25.0,32.10342857142857,32.054857142857145,0,4,92,0
2018-04-03,38.0,30.0,28.0,48.6,22.2,32.446285714285715,32.233428571428576,1,4,93,0
2018-04-04,29.0,38.0,11.924,27.0,20.2,33.874857142857145,32.797714285714285,2,4,94,0
2018-04-05,39.0,29.0,28.2,24.6,25.8,36.31428571428571,33.112,3,4,95,0
2018-04-06,33.525,39.0,42.0,34.0,41.0,37.857142857142854,33.58342857142857,4,4,96,0
2018-04-07,40.0,33.525,50.0,40.0,21.7,36.646428571428565,33.31646428571428,5,4,97,1
2018-04-08,0.0,40.0,37.0,47.312,68.0,35.21785714285714,33.970035714285714,6,4,98,1
2018-04-09,25.0,0.0,30.0,27.6,22.2,29.932142857142857,31.541464285714287,0,4,99,0
2018-04-10,38.3,25.0,38.0,28.0,15.2,29.217857142857145,31.641464285714285,1,4,100,0
2018-04-11,28.0,38.3,29.0,11.924,31.0,29.260714285714283,32.46646428571428,2,4,101,0
2018-04-12,17.4,28.0,39.0,28.2,23.9,29.11785714285714,32.35932142857143,3,4,102,0
2018-04-13,23.0,17.4,33.525,42.0,29.0,26.032142857142855,32.127178571428566,4,4,103,0
2018-04-14,24.0,23.0,40.0,50.0,65.0,24.52857142857143,31.912892857142854,5,4,104,1
2018-04-15,20.0,24.0,0.0,37.0,21.5,22.24285714285714,30.44860714285714,6,4,105,1
2018-04-16,40.5,20.0,25.0,30.0,19.6,25.099999999999998,30.39503571428571,0,4,106,0
2018-04-17,16.0,40.5,38.3,38.0,48.6,27.314285714285713,31.141464285714285,1,4,107,0
2018-04-18,25.25,16.0,28.0,29.0,27.0,24.12857142857143,29.977178571428574,2,4,108,0
2018-04-19,31.375,25.25,17.4,39.0,24.6,23.735714285714288,29.914678571428574,3,4,109,0
2018-04-20,15.0,31.375,23.0,33.525,34.0,25.732142857142858,30.156642857142856,4,4,110,0
2018-04-21,40.4,15.0,24.0,40.0,40.0,24.589285714285715,29.47807142857143,5,4,111,1
2018-04-22,42.5,40.4,20.0,0.0,47.312,26.932142857142857,29.492357142857145,6,4,112,1
2018-04-23,15.562,42.5,40.5,25.0,27.6,30.146428571428572,29.320500000000003,0,4,113,0
2018-04-24,20.0,15.562,16.0,38.3,28.0,26.58385714285714,28.89057142857143,1,4,114,0
2018-04-25,18.1,20.0,25.25,28.0,11.924,27.155285714285714,28.604857142857146,2,4,115,0
2018-04-26,18.0,18.1,31.375,17.4,28.2,26.133857142857146,28.82542857142857,3,4,116,0
2018-04-27,43.0,18.0,15.0,23.0,42.0,24.223142857142857,28.461142857142853,4,4,117,0
2018-04-28,27.25,43.0,40.4,24.0,50.0,28.223142857142857,28.49685714285714,5,4,118,1
2018-04-29,14.0,27.25,42.5,20.0,37.0,26.344571428571424,27.68435714285714,6,4,119,1
2018-04-30,14.125,14.0,15.562,40.5,30.0,22.273142857142854,26.86292857142857,0,4,120,0
2018-05-01,6.2,14.125,20.0,16.0,38.0,22.067857142857147,26.295964285714284,1,5,121,0
2018-05-02,38.2,6.2,18.1,25.25,29.0,20.09642857142857,25.160249999999998,2,5,122,0
2018-05-03,27.262,38.2,18.0,31.375,39.0,22.967857142857145,25.48882142857143,3,5,123,0
2018-05-04,8.75,27.262,43.0,15.0,33.525,24.291,25.06960714285714,4,5,124,0
2018-05-05,24.0,8.75,27.25,40.4,40.0,19.398142857142858,24.184785714285713,5,5,125,1
2018-05-06,18.2,24.0,14.0,42.5,0.0,18.933857142857143,23.613357142857144,6,5,126,1
2018-05-07,22.0,18.2,14.125,15.562,25.0,19.53385714285714,24.263357142857142,0,5,127,0
2018-05-08,15.0,22.0,6.2,20.0,38.3,20.65885714285714,24.156214285714288,1,5,128,0
2018-05-09,24.4,15.0,38.2,18.1,28.0,21.916,23.324071428571433,2,5,129,0
2018-05-10,39.0,24.4,27.262,18.0,17.4,19.94457142857143,23.195500000000003,3,5,130,0
2018-05-11,19.0,39.0,8.75,43.0,23.0,21.62142857142857,23.966928571428575,4,5,131,0
2018-05-12,27.0,19.0,24.0,27.25,24.0,23.085714285714285,23.824071428571433,5,5,132,1
2018-05-13,14.4,27.0,18.2,14.0,20.0,23.514285714285712,23.931214285714287,6,5,133,1
2018-05-14,20.0,14.4,22.0,14.125,40.5,22.97142857142857,23.731214285714287,0,5,134,0
2018-05-15,14.0,20.0,15.0,6.2,16.0,22.685714285714287,22.999071428571426,1,5,135,0
2018-05-16,13.4,14.0,24.4,38.2,25.25,22.542857142857144,22.927642857142853,2,5,136,0
2018-05-17,16.0,13.4,39.0,27.262,31.375,20.97142857142857,22.50442857142857,3,5,137,0
2018-05-18,30.0,16.0,19.0,8.75,15.0,17.685714285714287,21.95532142857143,4,5,138,0
2018-05-19,18.4,30.0,27.0,24.0,40.4,19.25714285714286,22.491035714285715,5,5,139,1
2018-05-20,45.0,18.4,14.4,18.2,42.5,18.02857142857143,21.705321428571427,6,5,140,1
2018-05-21,14.6,45.0,20.0,22.0,15.562,22.4,21.79460714285714,0,5,141,0
2018-05-22,8.062,14.6,14.0,15.0,20.0,21.628571428571426,21.760249999999996,1,5,142,0
2018-05-23,11.0,8.062,13.4,24.4,18.1,20.780285714285714,21.333892857142853,2,5,143,0
2018-05-24,20.2,11.0,16.0,39.0,18.0,20.43742857142857,21.08032142857143,3,5,144,0
2018-05-25,16.4,20.2,30.0,19.0,43.0,21.03742857142857,21.15889285714286,4,5,145,0
2018-05-26,16.262,16.4,18.4,27.0,27.25,19.09457142857143,20.20889285714286,5,5,146,1
2018-05-27,49.262,16.262,45.0,14.4,14.0,18.789142857142856,19.816464285714286,6,5,147,1
2018-05-28,19.6,49.262,14.6,20.0,14.125,19.398,21.07582142857143,0,5,148,0
2018-05-29,21.25,19.6,8.062,14.0,6.2,20.112285714285715,21.271357142857145,1,5,149,0
2018-05-30,16.4,21.25,11.0,13.4,38.2,21.996285714285712,21.808857142857143,2,5,150,0
2018-05-31,11.4,16.4,20.2,16.0,27.262,22.76771428571428,21.030285714285714,3,5,151,0
2018-06-01,29.0,11.4,16.4,30.0,8.75,21.510571428571428,20.463785714285713,4,6,152,0
2018-06-02,23.0,29.0,16.262,18.4,24.0,23.310571428571425,21.187,5,6,153,1
2018-06-03,22.4,23.0,49.262,45.0,18.2,24.273142857142854,21.151285714285713,6,6,154,1
2018-06-04,19.0,22.4,19.6,14.6,22.0,20.435714285714287,21.30128571428571,0,6,155,0
2018-06-05,20.0,19.0,21.25,8.062,15.0,20.349999999999998,21.194142857142854,1,6,156,0
2018-06-06,17.25,20.0,16.4,11.0,24.4,20.17142857142857,21.372714285714284,2,6,157,0
2018-06-07,19.0,17.25,11.4,20.2,39.0,20.292857142857144,21.11735714285714,3,6,158,0
2018-06-08,9.0,19.0,29.0,16.4,19.0,21.378571428571426,20.403071428571426,4,6,159,0
2018-06-09,21.0,9.0,23.0,16.262,27.0,18.52142857142857,20.04592857142857,5,6,160,1
2018-06-10,33.2,21.0,22.4,49.262,14.4,18.235714285714284,19.831642857142857,6,6,161,1
2018-06-11,17.0,33.2,19.0,19.6,20.0,19.77857142857143,20.503071428571428,0,6,162,0
2018-06-12,18.186,17.0,20.0,21.25,14.0,19.49285714285714,20.395928571428573,1,6,163,0
2018-06-13,22.25,18.186,17.25,16.4,13.4,19.233714285714285,20.545428571428573,2,6,164,0
2018-06-14,22.0,22.25,19.0,11.4,16.0,19.948,20.861500000000003,3,6,165,0
2018-06-15,11.133,22.0,9.0,29.0,30.0,20.376571428571427,21.07578571428572,4,6,166,0
2018-06-16,10.0,11.133,21.0,23.0,18.4,20.681285714285714,20.401964285714286,5,6,167,1
2018-06-17,24.0,10.0,33.2,22.4,45.0,19.109857142857145,20.101964285714285,6,6,168,1
2018-06-18,14.0,24.0,17.0,19.0,14.6,17.795571428571428,19.351964285714285,0,6,169,0
2018-06-19,23.0,14.0,18.186,20.0,8.062,17.367,19.330535714285713,1,6,170,0
2018-06-20,15.062,23.0,22.25,17.25,11.0,18.054714285714287,19.864035714285713,2,6,171,0
2018-06-21,36.0,15.062,22.0,19.0,20.2,17.027857142857144,20.009107142857143,3,6,172,0
2018-06-22,12.0,36.0,11.133,9.0,16.4,19.02785714285714,20.573392857142856,4,6,173,0
2018-06-23,14.0,12.0,10.0,21.0,16.262,19.151714285714288,20.416249999999998,5,6,174,1
2018-06-24,29.0,14.0,24.0,33.2,49.262,19.723142857142857,20.335464285714288,6,6,175,1
2018-06-25,31.062,29.0,14.0,17.0,19.6,20.437428571428573,19.611821428571428,0,6,176,0
2018-06-26,15.0,31.062,23.0,18.186,21.25,22.87485714285714,20.02117857142857,1,6,177,0
2018-06-27,11.0,15.0,15.062,22.25,16.4,21.732,19.797964285714283,2,6,178,0
2018-06-28,10.0,11.0,36.0,22.0,11.4,21.151714285714288,19.605107142857143,3,6,179,0
2018-06-29,10.0,10.0,12.0,11.133,29.0,17.437428571428573,19.555107142857143,4,6,180,0
2018-06-30,26.8,10.0,14.0,10.0,23.0,17.151714285714284,18.876535714285716,5,6,181,1
2018-07-01,22.0,26.8,29.0,24.0,22.4,18.980285714285714,19.012249999999998,6,7,182,1
2018-07-02,24.6,22.0,31.062,14.0,19.0,17.980285714285714,18.997964285714286,0,7,183,0
2018-07-03,13.6,24.6,15.0,23.0,20.0,17.057142857142857,19.197964285714285,1,7,184,0
2018-07-04,16.25,13.6,11.0,15.062,17.25,16.857142857142858,18.969392857142857,2,7,185,0
2018-07-05,15.0,16.25,10.0,36.0,19.0,17.607142857142858,18.933678571428572,3,7,186,0
2018-07-06,20.0,15.0,10.0,12.0,9.0,18.321428571428573,18.79082142857143,4,7,187,0
2018-07-07,19.0,20.0,26.8,14.0,21.0,19.75,19.183678571428572,5,7,188,1
2018-07-08,28.0,19.0,22.0,29.0,33.2,18.635714285714283,19.11225,6,7,189,1
2018-07-09,31.0,28.0,24.6,31.062,17.0,19.49285714285714,18.926535714285713,0,7,190,0
2018-07-10,34.0,31.0,13.6,15.0,18.186,20.407142857142855,19.426535714285713,1,7,191,0
2018-07-11,29.4,34.0,16.25,11.0,22.25,23.321428571428573,19.99132142857143,2,7,192,0
2018-07-12,24.0,29.4,15.0,10.0,22.0,25.2,20.246678571428568,3,7,193,0
2018-07-13,22.0,24.0,20.0,10.0,11.133,26.485714285714288,20.31810714285714,4,7,194,0
2018-07-14,26.0,22.0,19.0,26.8,10.0,26.771428571428572,20.706214285714285,5,7,195,1
2018-07-15,23.0,26.0,28.0,22.0,24.0,27.771428571428572,21.277642857142858,6,7,196,1
2018-07-16,22.0,23.0,31.0,24.6,14.0,27.057142857142857,21.24192857142857,0,7,197,0
2018-07-17,29.4,22.0,34.0,13.6,23.0,25.771428571428572,21.527642857142858,1,7,198,0
2018-07-18,10.0,29.4,29.4,16.25,15.062,25.114285714285717,21.756214285714286,2,7,199,0
2018-07-19,16.0,10.0,24.0,15.0,36.0,22.342857142857145,21.57542857142857,3,7,200,0
2018-07-20,35.2,16.0,22.0,20.0,12.0,21.2,20.861142857142855,4,7,201,0
2018-07-21,22.0,35.2,26.0,19.0,14.0,23.085714285714285,21.689714285714285,5,7,202,1
2018-07-22,31.0,22.0,23.0,28.0,29.0,22.514285714285712,21.975428571428573,6,7,203,1
2018-07-23,12.0,31.0,22.0,31.0,31.062,23.657142857142855,22.046857142857142,0,7,204,0
2018-07-24,22.0,12.0,29.4,34.0,15.0,22.228571428571428,21.366071428571427,1,7,205,0
2018-07-25,16.0,22.0,10.0,29.4,11.0,21.17142857142857,21.616071428571427,2,7,206,0
2018-07-26,24.0,16.0,16.0,24.0,10.0,22.02857142857143,21.794642857142858,3,7,207,0
2018-07-27,19.4,24.0,35.2,22.0,10.0,23.17142857142857,22.294642857142858,4,7,208,0
2018-07-28,24.5,19.4,22.0,26.0,26.8,20.914285714285715,22.630357142857143,5,7,209,1
2018-07-29,9.0,24.5,31.0,23.0,22.0,21.271428571428572,22.548214285714288,6,7,210,1
2018-07-30,26.0,9.0,12.0,22.0,24.6,18.12857142857143,22.083928571428572,0,7,211,0
2018-07-31,13.0,26.0,22.0,29.4,13.6,20.12857142857143,22.133928571428573,1,7,212,0
2018-08-01,14.0,13.0,16.0,10.0,16.25,18.842857142857145,22.1125,2,8,213,0
2018-08-02,11.0,14.0,24.0,16.0,15.0,18.557142857142857,22.032142857142855,3,8,214,0
2018-08-03,21.0,11.0,19.4,35.2,20.0,16.7,21.889285714285712,4,8,215,0
2018-08-04,8.0,21.0,24.5,22.0,19.0,16.928571428571427,21.925,5,8,216,1
2018-08-05,13.0,8.0,9.0,31.0,28.0,14.571428571428571,21.532142857142855,6,8,217,1
2018-08-06,21.388,13.0,26.0,12.0,31.0,15.142857142857142,20.99642857142857,0,8,218,0
2018-08-07,15.0,21.388,13.0,22.0,34.0,14.484,20.653142857142857,1,8,219,0
2018-08-08,10.0,15.0,14.0,16.0,29.4,14.769714285714286,19.97457142857143,2,8,220,0
2018-08-09,29.4,10.0,11.0,24.0,24.0,14.198285714285715,19.281714285714287,3,8,221,0
2018-08-10,19.0,29.4,21.0,19.4,22.0,16.826857142857143,19.47457142857143,4,8,222,0
2018-08-11,37.0,19.0,8.0,24.5,26.0,16.541142857142855,19.367428571428572,5,8,223,1
2018-08-12,16.0,37.0,13.0,9.0,23.0,20.684,19.760285714285715,6,8,224,1
2018-08-13,23.25,16.0,21.388,26.0,22.0,21.11257142857143,19.510285714285715,0,8,225,0
2018-08-14,12.0,23.25,15.0,13.0,29.4,21.378571428571426,19.554928571428572,1,8,226,0
2018-08-15,32.2,12.0,10.0,14.0,10.0,20.949999999999996,18.933500000000002,2,8,227,0
2018-08-16,27.4,32.2,29.4,11.0,16.0,24.12142857142857,19.726357142857147,3,8,228,0
2018-08-17,23.0,27.4,19.0,21.0,35.2,23.835714285714285,20.1335,4,8,229,0
2018-08-18,32.1,23.0,37.0,8.0,22.0,24.407142857142855,19.697785714285715,5,8,230,1
2018-08-19,19.9,32.1,16.0,13.0,31.0,23.70714285714286,20.058500000000002,6,8,231,1
2018-08-20,21.4,19.9,23.25,21.388,12.0,24.264285714285712,19.66207142857143,0,8,232,0
2018-08-21,26.2,21.4,12.0,15.0,22.0,24.0,19.997785714285715,1,8,233,0
2018-08-22,18.0,26.2,32.2,10.0,16.0,26.028571428571432,20.147785714285714,2,8,234,0
2018-08-23,35.0,18.0,27.4,29.4,24.0,24.0,20.219214285714287,3,8,235,0
2018-08-24,38.5,35.0,23.0,19.0,19.4,25.085714285714285,20.61207142857143,4,8,236,0
2018-08-25,27.0,38.5,32.1,37.0,24.5,27.3,21.294214285714286,5,8,237,1
2018-08-26,57.0,27.0,19.9,16.0,9.0,26.571428571428573,21.3835,6,8,238,1
2018-08-27,16.0,57.0,21.4,23.25,26.0,31.87142857142857,23.097785714285717,0,8,239,0
2018-08-28,26.4,16.0,26.2,12.0,13.0,31.099999999999998,22.74064285714286,1,8,240,0
2018-08-29,28.5,26.4,18.0,32.2,14.0,31.12857142857143,23.219214285714287,2,8,241,0
2018-08-30,38.0,28.5,35.0,27.4,11.0,32.628571428571426,23.73707142857143,3,8,242,0
2018-08-31,17.2,38.0,38.5,23.0,21.0,33.05714285714286,24.701357142857145,4,8,243,0
2018-09-01,19.0,17.2,27.0,32.1,8.0,30.014285714285712,24.56564285714286,5,9,244,1
2018-09-02,20.0,19.0,57.0,19.9,13.0,28.87142857142857,24.958500000000004,6,9,245,1
2018-09-03,27.4,20.0,16.0,21.4,21.388,23.585714285714285,25.208500000000004,0,9,246,0
2018-09-04,22.0,27.4,26.4,26.2,15.0,25.214285714285715,25.423214285714288,1,9,247,0
2018-09-05,28.0,22.0,28.5,18.0,10.0,24.585714285714285,25.673214285714288,2,9,248,0
2018-09-06,18.4,28.0,38.0,35.0,29.4,24.514285714285712,26.31607142857143,3,9,249,0
2018-09-07,42.0,18.4,17.2,38.5,19.0,21.714285714285715,25.923214285714288,4,9,250,0
2018-09-08,35.4,42.0,19.0,27.0,37.0,25.25714285714286,26.744642857142857,5,9,251,1
2018-09-09,50.0,35.4,20.0,57.0,16.0,27.599999999999998,26.6875,6,9,252,1
2018-09-10,49.4,50.0,27.4,16.0,23.25,31.885714285714283,27.901785714285715,0,9,253,0
2018-09-11,50.6,49.4,22.0,26.4,12.0,35.028571428571425,28.835714285714285,1,9,254,0
2018-09-12,35.0,50.6,28.0,28.5,32.2,39.114285714285714,30.214285714285715,2,9,255,0
2018-09-13,20.6,35.0,18.4,38.0,27.4,40.114285714285714,30.314285714285713,3,9,256,0
2018-09-14,54.0,20.6,42.0,17.2,23.0,40.42857142857143,30.071428571428573,4,9,257,0
2018-09-15,19.7,54.0,35.4,19.0,32.1,42.142857142857146,31.178571428571427,5,9,258,1
2018-09-16,24.25,19.7,50.0,20.0,19.9,39.89999999999999,30.735714285714284,6,9,259,1
2018-09-17,44.4,24.25,49.4,27.4,21.4,36.221428571428575,30.891071428571426,0,9,260,0
2018-09-18,20.0,44.4,50.6,22.0,26.2,35.50714285714286,31.712500000000002,1,9,261,0
2018-09-19,26.0,20.0,35.0,28.0,18.0,31.135714285714283,31.491071428571427,2,9,262,0
2018-09-20,24.2,26.0,20.6,18.4,35.0,29.849999999999998,31.776785714285715,3,9,263,0
2018-09-21,33.1,24.2,54.0,42.0,38.5,30.36428571428571,31.391071428571426,4,9,264,0
2018-09-22,31.6,33.1,19.7,35.4,27.0,27.37857142857143,31.198214285714283,5,9,265,1
2018-09-23,42.862,31.6,24.25,50.0,57.0,29.078571428571426,31.3625,6,9,266,1
2018-09-24,53.8,42.862,44.4,49.4,16.0,31.73742857142857,30.857571428571426,0,9,267,0
2018-09-25,53.85,53.8,20.0,50.6,26.4,33.080285714285715,32.20757142857143,1,9,268,0
2018-09-26,41.4,53.85,26.0,35.0,28.5,37.916000000000004,33.18792857142857,2,9,269,0
2018-09-27,19.0,41.4,24.2,20.6,38.0,40.116,33.64864285714286,3,9,270,0
2018-09-28,40.6,19.0,33.1,54.0,17.2,39.37314285714286,32.97007142857143,4,9,271,0
2018-09-29,57.7,40.6,31.6,19.7,19.0,40.44457142857143,33.80578571428571,5,9,272,1
2018-09-30,54.0,57.7,42.862,24.25,20.0,44.17314285714286,35.18792857142857,6,9,273,1
2018-10-01,53.0,54.0,53.8,44.4,27.4,45.76428571428571,36.40221428571429,0,10,274,0
2018-10-02,18.6,53.0,53.85,20.0,22.0,45.64999999999999,37.3165,1,10,275,0
2018-10-03,34.9,18.6,41.4,26.0,28.0,40.614285714285714,37.19507142857143,2,10,276,0
2018-10-04,32.0,34.9,19.0,24.2,18.4,39.68571428571429,37.4415,3,10,277,0
2018-10-05,22.8,32.0,40.6,33.1,42.0,41.542857142857144,37.927214285714285,4,10,278,0
2018-10-06,59.25,22.8,57.7,31.6,35.4,39.0,37.241499999999995,5,10,279,1
2018-10-07,42.4,59.25,54.0,42.862,50.0,39.221428571428575,38.09328571428572,6,10,280,1
2018-10-08,30.0,42.4,53.0,53.8,49.4,37.56428571428571,37.82185714285714,0,10,281,0
2018-10-09,30.0,30.0,18.6,53.85,50.6,34.278571428571425,37.129000000000005,1,10,282,0
2018-10-10,41.2,30.0,34.9,41.4,35.0,35.90714285714286,36.39328571428572,2,10,283,0
2018-10-11,31.0,41.2,32.0,19.0,20.6,36.80714285714286,36.614714285714285,3,10,284,0
2018-10-12,26.0,31.0,22.8,40.6,54.0,36.66428571428571,36.98614285714286,4,10,285,0
2018-10-13,29.6,26.0,59.25,57.7,19.7,37.121428571428574,35.98614285714286,5,10,286,1
2018-10-14,51.7,29.6,42.4,54.0,24.25,32.885714285714286,36.33971428571429,6,10,287,1
2018-10-15,47.6,51.7,30.0,53.0,44.4,34.214285714285715,37.32007142857143,0,10,288,0
2018-10-16,27.3,47.6,30.0,18.6,20.0,36.728571428571435,37.434357142857145,1,10,289,0
2018-10-17,52.2,27.3,41.2,34.9,26.0,36.34285714285714,37.69507142857143,2,10,290,0
2018-10-18,14.0,52.2,31.0,32.0,24.2,37.91428571428571,38.630785714285715,3,10,291,0
2018-10-19,10.6,14.0,26.0,22.8,33.1,35.48571428571429,38.2665,4,10,292,0
2018-10-20,33.0,10.6,29.6,59.25,31.6,33.285714285714285,37.46292857142857,5,10,293,1
2018-10-21,56.3,33.0,51.7,42.4,42.862,33.77142857142857,37.512928571428574,6,10,294,1
2018-10-22,18.8,56.3,47.6,30.0,53.8,34.42857142857143,37.99285714285714,0,10,295,0
2018-10-23,44.8,18.8,27.3,30.0,53.85,30.314285714285713,36.74285714285715,1,10,296,0
2018-10-24,37.2,44.8,52.2,41.2,41.4,32.81428571428572,36.419642857142854,2,10,297,0
2018-10-25,52.2,37.2,14.0,31.0,19.0,30.67142857142857,36.269642857142856,3,10,298,0
2018-10-26,44.0,52.2,10.6,26.0,40.6,36.128571428571426,37.455357142857146,4,10,299,0
2018-10-27,49.975,44.0,33.0,29.6,57.7,40.9,37.57678571428572,5,10,300,1
2018-10-28,53.75,49.975,56.3,51.7,54.0,43.325,37.300892857142856,6,10,301,1
2018-10-29,32.8,53.75,18.8,47.6,53.0,42.96071428571429,37.291964285714286,0,10,302,0
2018-10-30,18.2,32.8,44.8,27.3,18.6,44.96071428571428,36.57053571428572,1,10,303,0
2018-10-31,34.1,18.2,37.2,52.2,34.9,41.160714285714285,36.55625,2,10,304,0
2018-11-01,25.0,34.1,52.2,14.0,32.0,40.71785714285714,36.527678571428574,3,11,305,0
2018-11-02,32.6,25.0,44.0,10.6,22.8,36.832142857142856,36.277678571428574,4,11,306,0
2018-11-03,45.4,32.6,49.975,33.0,59.25,35.20357142857143,36.627678571428575,5,11,307,1
2018-11-04,52.0,45.4,53.75,56.3,42.4,34.550000000000004,36.13303571428572,6,11,308,1
2018-11-05,29.0,52.0,32.8,18.8,30.0,34.300000000000004,36.47589285714285,0,11,309,0
2018-11-06,37.7,29.0,18.2,44.8,30.0,33.75714285714286,36.44017857142857,1,11,310,0
2018-11-07,38.9,37.7,34.1,37.2,41.2,36.542857142857144,36.715178571428574,2,11,311,0
2018-11-08,38.0,38.9,25.0,52.2,31.0,37.22857142857142,36.63303571428572,3,11,312,0
2018-11-09,43.0,38.0,32.6,44.0,26.0,39.08571428571428,36.88303571428572,4,11,313,0
2018-11-10,35.6,43.0,45.4,49.975,29.6,40.57142857142857,37.49017857142858,5,11,314,1
2018-11-11,33.65,35.6,52.0,53.75,51.7,39.17142857142858,37.70446428571428,6,11,315,1
2018-11-12,35.0,33.65,29.0,32.8,47.6,36.550000000000004,37.059821428571425,0,11,316,0
2018-11-13,29.7,35.0,37.7,18.2,27.3,37.40714285714286,36.60982142857143,1,11,317,0
2018-11-14,28.4,29.7,38.9,34.1,52.2,36.26428571428571,36.69553571428571,2,11,318,0
2018-11-15,49.6,28.4,38.0,25.0,14.0,34.76428571428571,35.84553571428571,3,11,319,0
2018-11-16,21.5,49.6,43.0,32.6,10.6,36.42142857142857,37.11696428571428,4,11,320,0
2018-11-17,39.0,21.5,35.6,45.4,33.0,33.35,37.50625,5,11,321,1
2018-11-18,32.9,39.0,33.65,52.0,56.3,33.83571428571428,37.72053571428571,6,11,322,1
2018-11-19,47.2,32.9,35.0,29.0,18.8,33.72857142857143,36.88482142857142,0,11,323,0
2018-11-20,31.5,47.2,29.7,37.7,44.8,35.47142857142857,37.89910714285714,1,11,324,0
2018-11-21,22.0,31.5,28.4,38.9,37.2,35.72857142857143,37.424107142857146,2,11,325,0
2018-11-22,22.4,22.0,49.6,38.0,52.2,34.81428571428571,36.88125,3,11,326,0
2018-11-23,29.6,22.4,21.5,43.0,44.0,30.928571428571427,35.816964285714285,4,11,327,0
2018-11-24,29.2,29.6,39.0,35.6,49.975,32.08571428571428,35.30267857142857,5,11,328,1
2018-11-25,19.1,29.2,32.9,33.65,53.75,30.685714285714287,34.56071428571428,6,11,329,1
2018-11-26,36.3,19.1,47.2,35.0,32.8,28.714285714285715,33.323214285714286,0,11,330,0
2018-11-27,41.5,36.3,31.5,29.7,18.2,27.157142857142862,33.448214285714286,1,11,331,0
2018-11-28,24.4,41.5,22.0,28.4,34.1,28.58571428571429,34.28035714285714,2,11,332,0
2018-11-29,22.6,24.4,22.4,49.6,25.0,28.928571428571427,33.933928571428574,3,11,333,0
2018-11-30,22.4,22.6,29.6,21.5,32.6,28.957142857142856,33.848214285714285,4,11,334,0
2018-12-01,41.0,22.4,29.2,39.0,45.4,27.928571428571427,33.48392857142857,5,12,335,1
2018-12-02,65.7,41.0,19.1,32.9,52.0,29.61428571428571,33.32678571428572,6,12,336,1
2018-12-03,44.0,65.7,36.3,47.2,29.0,36.27142857142857,33.816071428571426,0,12,337,0
2018-12-04,32.2,44.0,41.5,31.5,37.7,37.371428571428574,34.35178571428572,1,12,338,0
2018-12-05,41.3,32.2,24.4,22.0,38.9,36.042857142857144,34.15535714285714,2,12,339,0
2018-12-06,0.0,41.3,22.6,22.4,38.0,38.45714285714286,34.24107142857143,3,12,340,0
2018-12-07,47.4,0.0,22.4,29.6,43.0,35.22857142857143,32.88392857142857,4,12,341,0
2018-12-08,0.0,47.4,41.0,29.2,35.6,38.800000000000004,33.04107142857143,5,12,342,1
2018-12-09,57.7,0.0,65.7,19.1,33.65,32.94285714285714,31.769642857142856,6,12,343,1
2018-12-10,23.8,57.7,44.0,36.3,35.0,31.8,32.628571428571426,0,12,344,0
2018-12-11,28.0,23.8,32.2,41.5,29.7,28.914285714285715,32.22857142857143,1,12,345,0
2018-12-12,37.6,28.0,41.3,24.4,28.4,28.314285714285713,32.16785714285714,2,12,346,0
2018-12-13,47.5,37.6,0.0,22.6,49.6,27.785714285714285,32.496428571428574,3,12,347,0
2018-12-14,23.4,47.5,47.4,22.4,21.5,34.57142857142857,32.42142857142857,4,12,348,0
2018-12-15,62.4,23.4,0.0,41.0,39.0,31.142857142857142,32.489285714285714,5,12,349,1
2018-12-16,27.0,62.4,57.7,65.7,32.9,40.05714285714286,33.325,6,12,350,1
2018-12-17,53.0,27.0,23.8,44.0,47.2,35.67142857142857,33.114285714285714,0,12,351,0
2018-12-18,34.5,53.0,28.0,32.2,31.5,39.84285714285714,33.32142857142857,1,12,352,0
2018-12-19,0.0,34.5,37.6,41.3,22.0,40.771428571428565,33.42857142857143,2,12,353,0
2018-12-20,27.0,0.0,47.5,0.0,22.4,35.4,32.642857142857146,3,12,354,0
2018-12-21,35.0,27.0,23.4,47.4,29.6,32.471428571428575,32.80714285714286,4,12,355,0
2018-12-22,43.4,35.0,62.4,0.0,29.2,34.128571428571426,33.0,5,12,356,1
2018-12-23,47.7,43.4,27.0,57.7,19.1,31.414285714285715,33.50714285714286,6,12,357,1
2018-12-24,32.0,47.7,53.0,23.8,36.3,34.371428571428574,34.528571428571425,0,12,358,0
2018-12-25,42.6,32.0,34.5,28.0,41.5,31.371428571428574,34.375,1,12,359,0
2018-12-26,50.0,42.6,0.0,37.6,24.4,32.52857142857143,34.41428571428572,2,12,360,0
2018-12-27,40.6,50.0,27.0,47.5,22.6,39.67142857142857,35.32857142857143,3,12,361,0
2018-12-28,56.4,40.6,35.0,23.4,22.4,41.614285714285714,35.971428571428575,4,12,362,0
2018-12-29,68.35,56.4,43.4,62.4,41.0,44.67142857142857,37.18571428571429,5,12,363,1
2018-12-30,59.9,68.35,47.7,27.0,65.7,48.23571428571428,38.1625,6,12,364,1
2018-12-31,44.5,59.9,32.0,53.0,44.0,49.978571428571435,37.955357142857146,0,12,365,0
2019-01-01,0.0,44.5,42.6,34.5,32.2,51.76428571428572,37.973214285714285,1,1,1,0
2019-01-02,36.8,0.0,50.0,0.0,41.3,45.67857142857143,36.823214285714286,2,1,2,0
2019-01-03,42.4,36.8,40.6,27.0,0.0,43.792857142857144,36.6625,3,1,3,0
2019-01-04,55.8,42.4,56.4,35.0,47.4,44.05,38.176785714285714,4,1,4,0
2019-01-05,62.75,55.8,68.35,43.4,0.0,43.964285714285715,38.47678571428572,5,1,5,1
2019-01-06,47.4,62.75,59.9,47.7,57.7,43.16428571428571,40.71785714285715,6,1,6,1
2019-01-07,0.0,47.4,44.5,32.0,23.8,41.378571428571426,40.35,0,1,7,0
2019-01-08,41.8,0.0,0.0,42.6,28.0,35.021428571428565,39.5,1,1,8,0
2019-01-09,64.8,41.8,36.8,50.0,37.6,40.99285714285714,39.99285714285714,2,1,9,0
2019-01-10,39.1,64.8,42.4,40.6,47.5,44.99285714285714,40.964285714285715,3,1,10,0
2019-01-11,61.6,39.1,55.8,56.4,23.4,44.521428571428565,40.66428571428571,4,1,11,0
2019-01-12,74.5,61.6,62.75,68.35,62.4,45.35,42.028571428571425,5,1,12,1
2019-01-13,73.0,74.5,47.4,59.9,27.0,47.028571428571425,42.46071428571428,6,1,13,1
2019-01-14,51.0,73.0,0.0,44.5,53.0,50.685714285714276,44.10357142857142,0,1,14,0
2019-01-15,30.4,51.0,41.8,0.0,34.5,57.97142857142857,44.03214285714285,1,1,15,0
2019-01-16,48.8,30.4,64.8,36.8,0.0,56.34285714285715,43.885714285714286,2,1,16,0
2019-01-17,55.6,48.8,39.1,42.4,27.0,54.05714285714286,45.628571428571426,3,1,17,0
2019-01-18,27.8,55.6,61.6,55.8,35.0,56.41428571428571,46.64999999999999,4,1,18,0
2019-01-19,77.4,27.8,74.5,62.75,43.4,51.58571428571429,46.392857142857146,5,1,19,1
2019-01-20,93.05,77.4,73.0,47.4,47.7,52.0,47.607142857142854,6,1,20,1
2019-01-21,67.15,93.05,51.0,0.0,32.0,54.864285714285714,49.22678571428571,0,1,21,0
2019-01-22,74.9,67.15,30.4,41.8,42.6,57.17142857142858,50.482142857142854,1,1,22,0
2019-01-23,58.4,74.9,48.8,64.8,50.0,63.528571428571425,51.635714285714286,2,1,23,0
2019-01-24,47.3,58.4,55.6,39.1,40.6,64.9,51.935714285714276,3,1,24,0
2019-01-25,32.65,47.3,27.8,61.6,56.4,63.714285714285715,52.175000000000004,4,1,25,0
2019-01-26,97.8,32.65,77.4,74.5,68.35,64.40714285714286,51.32678571428571,5,1,26,1
2019-01-27,100.1,97.8,93.05,73.0,59.9,67.32142857142857,52.378571428571426,6,1,27,1
2019-01-28,45.0,100.1,67.15,51.0,44.5,68.32857142857144,53.81428571428571,0,1,28,0
2019-01-29,38.8,45.0,74.9,30.4,0.0,65.16428571428571,53.832142857142856,1,1,29,0
2019-01-30,52.312,38.8,58.4,48.8,36.8,60.00714285714285,55.21785714285714,2,1,30,0
2019-01-31,62.2,52.312,47.3,55.6,42.4,59.13742857142857,55.77185714285714,3,1,31,0
2019-02-01,38.9,62.2,32.65,27.8,55.8,61.266,56.479,4,2,32,0
2019-02-02,64.262,38.9,97.8,77.4,62.75,62.158857142857144,55.87542857142857,5,2,33,1
2019-02-03,47.088,64.262,100.1,93.05,47.4,57.367714285714285,55.929428571428566,6,2,34,1
2019-02-04,47.0,47.088,45.0,67.15,0.0,49.79457142857143,55.918285714285716,0,2,35,0
2019-02-05,33.8,47.0,38.8,74.9,41.8,50.080285714285715,57.59685714285714,1,2,36,0
2019-02-06,29.0,33.8,52.312,58.4,64.8,49.366,57.311142857142855,2,2,37,0
2019-02-07,42.6,29.0,62.2,47.3,39.1,46.035714285714285,56.03257142857142,3,2,38,0
2019-02-08,50.2,42.6,38.9,32.65,61.6,43.23571428571428,56.15757142857143,4,2,39,0
2019-02-09,51.65,50.2,64.262,97.8,74.5,44.85,55.75042857142858,5,2,40,1
2019-02-10,43.2,51.65,47.088,100.1,73.0,43.04828571428572,54.934357142857145,6,2,41,1
2019-02-11,30.0,43.2,47.0,45.0,51.0,42.49285714285714,53.87007142857143,0,2,42,0
2019-02-12,34.6,30.0,33.8,38.8,30.4,40.06428571428571,53.12007142857143,1,2,43,0
2019-02-13,27.2,34.6,29.0,52.312,48.8,40.17857142857143,53.27007142857143,2,2,44,0
2019-02-14,54.5,27.2,42.6,62.2,55.6,39.92142857142857,52.498642857142855,3,2,45,0
2019-02-15,52.05,54.5,50.2,38.9,27.8,41.621428571428574,52.459357142857144,4,2,46,0
2019-02-16,36.4,52.05,51.65,64.262,77.4,41.88571428571429,53.32542857142857,5,2,47,1
2019-02-17,15.162,36.4,43.2,47.088,93.05,39.707142857142856,51.86114285714286,6,2,48,1
2019-02-18,27.4,15.162,30.0,47.0,67.15,35.70171428571429,49.07942857142857,0,2,49,0
2019-02-19,27.4,27.4,34.6,33.8,74.9,35.330285714285715,47.65978571428571,1,2,50,0
2019-02-20,30.6,27.4,27.2,29.0,58.4,34.30171428571428,45.96335714285714,2,2,51,0
2019-02-21,45.4,30.6,54.5,42.6,47.3,34.78742857142857,44.9705,3,2,52,0
2019-02-22,16.0,45.4,52.05,50.2,32.65,33.48742857142857,44.90264285714285,4,2,53,0
2019-02-23,38.2,16.0,36.4,51.65,97.8,28.33742857142857,44.308,5,2,54,1
2019-02-24,19.0,38.2,15.162,43.2,100.1,28.594571428571424,42.17942857142857,6,2,55,1
2019-02-25,25.2,19.0,27.4,30.0,45.0,29.142857142857142,39.283,0,2,56,0
2019-02-26,27.0,25.2,27.4,34.6,38.8,28.82857142857143,38.575857142857146,1,2,57,0
2019-02-27,13.4,27.0,30.6,27.2,52.312,28.771428571428572,38.154428571428575,2,2,58,0
2019-02-28,34.0,13.4,45.4,54.5,62.2,26.314285714285717,36.764714285714284,3,2,59,0
2019-03-01,22.2,34.0,16.0,52.05,38.9,24.685714285714287,35.75757142857143,4,3,60,0
2019-03-02,46.0,22.2,38.2,36.4,64.262,25.571428571428573,35.161142857142856,5,3,61,1
2019-03-03,20.0,46.0,19.0,15.162,47.088,26.685714285714287,34.50892857142857,6,3,62,1
2019-03-04,41.0,20.0,25.2,27.4,47.0,26.82857142857143,33.5415,0,3,63,0
2019-03-05,20.0,41.0,27.0,27.4,33.8,29.085714285714285,33.327214285714284,1,3,64,0
2019-03-06,31.0,20.0,13.4,30.6,29.0,28.085714285714285,32.834357142857144,2,3,65,0
2019-03-07,10.0,31.0,34.0,45.4,42.6,30.599999999999998,32.90578571428571,3,3,66,0
2019-03-08,33.7,10.0,22.2,16.0,50.2,27.17142857142857,31.7415,4,3,67,0
2019-03-09,45.2,33.7,46.0,38.2,51.65,28.814285714285713,31.152214285714287,5,3,68,1
2019-03-10,51.0,45.2,20.0,19.0,43.2,28.7,30.921857142857142,6,3,69,1
2019-03-11,26.4,51.0,41.0,25.2,30.0,33.128571428571426,31.20042857142857,0,3,70,0
2019-03-12,31.85,26.4,20.0,27.0,34.6,31.042857142857144,31.07185714285714,1,3,71,0
2019-03-13,22.0,31.85,31.0,13.4,27.2,32.73571428571429,30.973642857142856,2,3,72,0
2019-03-14,47.2,22.0,10.0,34.0,54.5,31.45,30.787928571428573,3,3,73,0
2019-03-15,40.0,47.2,33.7,22.2,52.05,36.76428571428572,30.527214285714287,4,3,74,0
2019-03-16,29.0,40.0,45.2,46.0,36.4,37.66428571428572,30.096857142857143,5,3,75,1
2019-03-17,55.0,29.0,51.0,20.0,15.162,35.35,29.83257142857143,6,3,76,1
2019-03-18,23.0,55.0,26.4,41.0,27.4,35.92142857142857,31.255357142857143,0,3,77,0
2019-03-19,26.2,23.0,31.85,20.0,27.4,35.43571428571429,31.098214285714285,1,3,78,0
2019-03-20,28.9,26.2,22.0,31.0,30.6,34.628571428571426,31.05535714285714,2,3,79,0
2019-03-21,18.8,28.9,47.2,10.0,45.4,35.614285714285714,30.994642857142857,3,3,80,0
2019-03-22,41.0,18.8,40.0,33.7,16.0,31.557142857142857,30.044642857142858,4,3,81,0
2019-03-23,15.5,41.0,29.0,45.2,38.2,31.699999999999996,30.9375,5,3,82,1
2019-03-24,43.2,15.5,55.0,51.0,19.0,29.77142857142857,30.126785714285713,6,3,83,1
2019-03-25,27.0,43.2,23.0,26.4,25.2,28.085714285714285,30.991071428571427,0,3,84,0
2019-03-26,36.0,27.0,26.2,31.85,27.0,28.657142857142862,31.055357142857144,1,3,85,0
2019-03-27,25.6,36.0,28.9,22.0,13.4,30.057142857142857,31.376785714285717,2,3,86,0
2019-03-28,14.0,25.6,18.8,47.2,34.0,29.585714285714285,31.8125,3,3,87,0
2019-03-29,25.3,14.0,41.0,40.0,22.2,28.900000000000002,31.098214285714285,4,3,88,0
2019-03-30,18.0,25.3,15.5,29.0,46.0,26.657142857142862,31.208928571428572,5,3,89,1
2019-03-31,27.0,18.0,43.2,55.0,20.0,27.014285714285716,30.208928571428572,6,3,90,1
2019-04-01,34.65,27.0,27.0,23.0,41.0,24.7,30.458928571428572,0,4,91,0
2019-04-02,24.0,34.65,36.0,26.2,20.0,25.792857142857144,30.232142857142858,1,4,92,0
2019-04-03,18.3,24.0,25.6,28.9,31.0,24.07857142857143,30.375,2,4,93,0
2019-04-04,39.0,18.3,14.0,18.8,10.0,23.035714285714285,29.921428571428574,3,4,94,0
2019-04-05,25.2,39.0,25.3,41.0,33.7,26.607142857142858,30.957142857142856,4,4,95,0
2019-04-06,13.2,25.2,18.0,15.5,45.2,26.592857142857138,30.65357142857143,5,4,96,1
2019-04-07,19.0,13.2,27.0,43.2,51.0,25.907142857142855,29.51071428571429,6,4,97,1
2019-04-08,10.0,19.0,34.65,27.0,26.4,24.764285714285712,28.367857142857144,0,4,98,0
2019-04-09,12.0,10.0,24.0,36.0,31.85,21.24285714285714,27.782142857142862,1,4,99,0
2019-04-10,34.0,12.0,18.3,25.6,22.0,19.52857142857143,27.07321428571429,2,4,100,0
2019-04-11,15.9,34.0,39.0,14.0,47.2,21.771428571428572,27.501785714285717,3,4,101,0
2019-04-12,16.6,15.9,25.2,25.3,40.0,18.47142857142857,26.383928571428573,4,4,102,0
2019-04-13,14.0,16.6,13.2,18.0,29.0,17.24285714285714,25.548214285714288,5,4,103,1
2019-04-14,23.0,14.0,19.0,27.0,55.0,17.357142857142858,25.0125,6,4,104,1
2019-04-15,8.8,23.0,10.0,34.65,23.0,17.928571428571427,23.869642857142857,0,4,105,0
2019-04-16,27.2,8.8,12.0,24.0,26.2,17.75714285714286,23.3625,1,4,106,0
2019-04-17,13.5,27.2,34.0,18.3,28.9,19.928571428571427,23.39821428571429,2,4,107,0
2019-04-18,0.0,13.5,15.9,39.0,18.8,17.0,22.848214285714285,3,4,108,0
2019-04-19,25.0,0.0,16.6,25.2,41.0,14.728571428571428,22.176785714285717,4,4,109,0
2019-04-20,22.4,25.0,14.0,13.2,15.5,15.928571428571429,21.605357142857144,5,4,110,1
2019-04-21,21.0,22.4,23.0,19.0,43.2,17.12857142857143,21.851785714285715,6,4,111,1
2019-04-22,51.0,21.0,8.8,10.0,27.0,16.842857142857145,21.05892857142857,0,4,112,0
2019-04-23,18.4,51.0,27.2,12.0,36.0,22.87142857142857,21.916071428571428,1,4,113,0
2019-04-24,39.1,18.4,13.5,34.0,25.6,21.614285714285717,21.287499999999998,2,4,114,0
2019-04-25,15.0,39.1,0.0,15.9,14.0,25.271428571428572,21.76964285714286,3,4,115,0
2019-04-26,32.6,15.0,25.0,16.6,25.3,27.414285714285715,21.80535714285714,4,4,116,0
2019-04-27,25.2,32.6,22.4,14.0,18.0,28.5,22.06607142857143,5,4,117,1
2019-04-28,0.0,25.2,21.0,23.0,27.0,28.900000000000002,22.323214285714283,6,4,118,1
2019-04-29,27.6,0.0,51.0,8.8,34.65,25.900000000000002,21.35892857142857,0,4,119,0
2019-04-30,22.0,27.6,18.4,27.2,24.0,22.557142857142857,21.107142857142858,1,4,120,0
2019-05-01,8.0,22.0,39.1,13.5,18.3,23.071428571428573,21.035714285714285,2,5,121,0
2019-05-02,20.0,8.0,15.0,0.0,39.0,18.62857142857143,20.66785714285714,3,5,122,0
2019-05-03,24.0,20.0,32.6,25.0,25.2,19.342857142857145,19.989285714285717,4,5,123,0
2019-05-04,25.0,24.0,25.2,22.4,13.2,18.114285714285717,19.946428571428573,5,5,124,1
2019-05-05,31.0,25.0,0.0,21.0,19.0,18.085714285714285,20.36785714285714,6,5,125,1
2019-05-06,23.0,31.0,27.6,51.0,10.0,22.514285714285712,20.79642857142857,0,5,126,0
2019-05-07,33.4,23.0,22.0,18.4,12.0,21.857142857142858,21.260714285714283,1,5,127,0
2019-05-08,13.0,33.4,8.0,39.1,34.0,23.485714285714288,22.025,2,5,128,0
2019-05-09,12.5,13.0,20.0,15.0,15.9,24.2,21.275,3,5,129,0
2019-05-10,11.6,12.5,24.0,32.6,16.6,23.12857142857143,21.15357142857143,4,5,130,0
2019-05-11,16.8,11.6,25.0,25.2,14.0,21.357142857142858,20.974999999999998,5,5,131,1
2019-05-12,38.8,16.8,31.0,0.0,23.0,20.185714285714283,21.074999999999996,6,5,132,1
2019-05-13,26.2,38.8,23.0,27.6,8.8,21.3,21.639285714285712,0,5,133,0
2019-05-14,25.0,26.2,33.4,22.0,27.2,21.757142857142856,22.260714285714283,1,5,134,0
2019-05-15,28.4,25.0,13.0,8.0,13.5,20.557142857142857,22.182142857142853,2,5,135,0
2019-05-16,12.0,28.4,12.5,20.0,0.0,22.757142857142856,22.714285714285715,3,5,136,0
2019-05-17,28.0,12.0,11.6,24.0,25.0,22.685714285714283,23.142857142857142,4,5,137,0
2019-05-18,14.0,28.0,16.8,25.0,22.4,25.02857142857143,23.25,5,5,138,1
2019-05-19,26.4,14.0,38.8,31.0,21.0,24.628571428571426,22.95,6,5,139,1
2019-05-20,21.3,26.4,26.2,23.0,51.0,22.857142857142858,23.142857142857142,0,5,140,0
2019-05-21,17.6,21.3,25.0,33.4,18.4,22.157142857142855,22.082142857142856,1,5,141,0
2019-05-22,28.2,17.6,28.4,13.0,39.1,21.099999999999998,22.053571428571427,2,5,142,0
2019-05-23,26.1,28.2,12.0,12.5,15.0,21.071428571428573,21.664285714285715,3,5,143,0
2019-05-24,36.2,26.1,28.0,11.6,32.6,23.085714285714285,22.060714285714283,4,5,144,0
2019-05-25,35.0,36.2,14.0,16.8,25.2,24.25714285714286,22.189285714285713,5,5,145,1
2019-05-26,30.0,35.0,26.4,38.8,0.0,27.25714285714286,22.539285714285715,6,5,146,1
2019-05-27,19.0,30.0,21.3,26.2,27.6,27.77142857142857,23.610714285714288,0,5,147,0
2019-05-28,18.2,19.0,17.6,25.0,22.0,27.442857142857147,23.303571428571427,1,5,148,0
2019-05-29,15.0,18.2,28.2,28.4,8.0,27.52857142857143,23.167857142857144,2,5,149,0
2019-05-30,17.2,15.0,26.1,12.0,20.0,25.642857142857142,23.417857142857144,3,5,150,0
2019-05-31,22.662,17.2,36.2,28.0,24.0,24.37142857142857,23.317857142857143,4,5,151,0
2019-06-01,21.4,22.662,35.0,14.0,25.0,22.43742857142857,23.27007142857143,5,6,152,1
2019-06-02,28.0,21.4,30.0,26.4,31.0,20.494571428571426,23.1415,6,6,153,1
2019-06-03,15.4,28.0,19.0,21.3,23.0,20.20885714285714,23.034357142857143,0,6,154,0
2019-06-04,28.2,15.4,18.2,17.6,33.4,19.69457142857143,22.76292857142857,1,6,155,0
2019-06-05,26.1,28.2,15.0,28.2,13.0,21.123142857142856,22.577214285714287,2,6,156,0
2019-06-06,27.0,26.1,17.2,26.1,12.5,22.70885714285714,23.04507142857143,3,6,157,0
2019-06-07,22.0,27.0,22.662,36.2,11.6,24.108857142857143,23.562928571428575,4,6,158,0
2019-06-08,22.4,22.0,21.4,35.0,16.8,24.014285714285712,23.934357142857145,5,6,159,1
2019-06-09,16.5,22.4,28.0,30.0,38.8,24.157142857142855,24.134357142857144,6,6,160,1
2019-06-10,15.0,16.5,15.4,19.0,26.2,22.514285714285712,23.33792857142857,0,6,161,0
2019-06-11,25.0,15.0,28.2,18.2,25.0,22.457142857142856,22.937928571428575,1,6,162,0
2019-06-12,16.2,25.0,26.1,15.0,28.4,22.0,22.937928571428575,2,6,163,0
2019-06-13,19.4,16.2,27.0,17.2,12.0,20.585714285714285,22.50221428571428,3,6,164,0
2019-06-14,15.0,19.4,22.0,22.662,28.0,19.5,22.7665,4,6,165,0
2019-06-15,15.0,15.0,22.4,21.4,14.0,18.5,22.302214285714285,5,6,166,1
2019-06-16,18.0,15.0,16.5,28.0,26.4,17.442857142857143,22.33792857142857,6,6,167,1
2019-06-17,18.0,18.0,15.0,15.4,21.3,17.657142857142855,22.037928571428573,0,6,168,0
2019-06-18,29.5,18.0,25.0,28.2,17.6,18.085714285714285,21.92007142857143,1,6,169,0
2019-06-19,18.0,29.5,16.2,26.1,28.2,18.728571428571428,22.34507142857143,2,6,170,0
2019-06-20,15.0,18.0,19.4,27.0,26.1,18.985714285714288,21.980785714285712,3,6,171,0
2019-06-21,24.8,15.0,15.0,22.0,36.2,18.357142857142858,21.584357142857147,4,6,172,0
2019-06-22,25.0,24.8,15.0,22.4,35.0,19.75714285714286,21.177214285714285,5,6,173,1
2019-06-23,18.2,25.0,18.0,16.5,30.0,21.185714285714287,20.820071428571428,6,6,174,1
2019-06-24,19.0,18.2,18.0,15.0,19.0,21.214285714285715,20.398642857142857,0,6,175,0
2019-06-25,12.0,19.0,29.5,25.0,18.2,21.357142857142858,20.398642857142857,1,6,176,0
2019-06-26,11.6,12.0,18.0,16.2,15.0,18.857142857142858,20.177214285714285,2,6,177,0
2019-06-27,15.0,11.6,15.0,19.4,17.2,17.942857142857143,20.05578571428571,3,6,178,0
2019-06-28,15.0,15.0,24.8,15.0,22.662,17.942857142857143,19.977214285714286,4,6,179,0
2019-06-29,18.3,15.0,25.0,15.0,21.4,16.542857142857144,19.703571428571426,5,6,180,1
2019-06-30,40.0,18.3,18.2,18.0,28.0,15.585714285714287,19.592857142857145,6,6,181,1
2019-07-01,14.0,40.0,19.0,18.0,15.4,18.7,20.021428571428572,0,7,182,0
2019-07-02,14.0,14.0,12.0,29.5,28.2,17.985714285714288,19.97142857142857,1,7,183,0
2019-07-03,30.05,14.0,11.6,18.0,26.1,18.271428571428572,19.464285714285715,2,7,184,0
2019-07-04,13.0,30.05,15.0,15.0,27.0,20.907142857142855,19.60535714285714,3,7,185,0
2019-07-05,20.0,13.0,15.0,24.8,22.0,20.62142857142857,19.10535714285714,4,7,186,0
2019-07-06,16.0,20.0,18.3,25.0,22.4,21.335714285714285,19.033928571428568,5,7,187,1
2019-07-07,25.0,16.0,40.0,18.2,16.5,21.00714285714286,18.80535714285714,6,7,188,1
2019-07-08,21.4,25.0,14.0,19.0,15.0,18.864285714285717,19.10892857142857,0,7,189,0
2019-07-09,15.0,21.4,14.0,12.0,25.0,19.92142857142857,19.3375,1,7,190,0
2019-07-10,19.6,15.0,30.05,11.6,16.2,20.064285714285713,18.98035714285714,2,7,191,0
2019-07-11,19.0,19.6,13.0,15.0,19.4,18.571428571428573,19.101785714285715,3,7,192,0
2019-07-12,34.0,19.0,20.0,15.0,15.0,19.428571428571427,19.0875,4,7,193,0
2019-07-13,17.6,34.0,16.0,18.3,15.0,21.428571428571427,19.766071428571426,5,7,194,1
2019-07-14,23.0,17.6,25.0,40.0,18.0,21.657142857142855,19.85892857142857,6,7,195,1
2019-07-15,24.0,23.0,21.4,14.0,18.0,21.37142857142857,20.037499999999998,0,7,196,0
2019-07-16,14.0,24.0,15.0,14.0,29.5,21.74285714285714,20.251785714285713,1,7,197,0
2019-07-17,26.0,14.0,19.6,30.05,18.0,21.599999999999998,19.698214285714283,2,7,198,0
2019-07-18,24.0,26.0,19.0,13.0,15.0,22.514285714285712,19.98392857142857,3,7,199,0
2019-07-19,28.0,24.0,34.0,20.0,24.8,23.228571428571428,20.30535714285714,4,7,200,0
2019-07-20,17.2,28.0,17.6,16.0,25.0,22.37142857142857,20.419642857142858,5,7,201,1
2019-07-21,16.0,17.2,23.0,25.0,18.2,22.314285714285717,20.14107142857143,6,7,202,1
2019-07-22,14.25,16.0,24.0,21.4,19.0,21.314285714285717,20.0625,0,7,203,0
2019-07-23,7.25,14.25,14.0,15.0,12.0,19.921428571428574,19.892857142857142,1,7,204,0
2019-07-24,30.875,7.25,26.0,19.6,11.6,18.95714285714286,19.723214285714285,2,7,205,0
2019-07-25,20.0,30.875,24.0,19.0,15.0,19.653571428571432,20.411607142857147,3,7,206,0
2019-07-26,17.0,20.0,28.0,34.0,15.0,19.08214285714286,20.590178571428574,4,7,207,0
2019-07-27,22.0,17.0,17.2,17.6,18.3,17.510714285714286,20.661607142857147,5,7,208,1
2019-07-28,13.0,22.0,16.0,23.0,40.0,18.196428571428573,20.79375,6,7,209,1
2019-07-29,25.45,13.0,14.25,24.0,14.0,17.767857142857142,19.829464285714288,0,7,210,0
2019-07-30,19.0,25.45,7.25,14.0,14.0,19.36785714285714,20.238392857142856,1,7,211,0
2019-07-31,21.0,19.0,30.875,26.0,30.05,21.04642857142857,20.416964285714283,2,7,212,0
2019-08-01,37.0,21.0,20.0,24.0,13.0,19.635714285714283,20.09375,3,8,213,0
2019-08-02,18.0,37.0,17.0,28.0,20.0,22.064285714285713,20.950892857142858,4,8,214,0
2019-08-03,12.0,18.0,22.0,17.2,16.0,22.207142857142856,20.879464285714285,5,8,215,1
2019-08-04,24.0,12.0,13.0,16.0,25.0,20.77857142857143,20.736607142857142,6,8,216,1
2019-08-05,6.0,24.0,25.45,14.25,21.4,22.349999999999998,20.700892857142858,0,8,217,0
2019-08-06,17.25,6.0,19.0,7.25,15.0,19.571428571428573,20.150892857142857,1,8,218,0
2019-08-07,9.0,17.25,21.0,30.875,19.6,19.321428571428573,20.23125,2,8,219,0
2019-08-08,15.0,9.0,37.0,20.0,19.0,17.607142857142858,19.852678571428573,3,8,220,0
2019-08-09,8.0,15.0,18.0,17.0,34.0,14.464285714285714,19.709821428571427,4,8,221,0
2019-08-10,15.0,8.0,12.0,22.0,17.6,13.035714285714286,18.78125,5,8,222,1
2019-08-11,16.0,15.0,24.0,13.0,23.0,13.464285714285714,18.688392857142855,6,8,223,1
2019-08-12,36.0,16.0,6.0,25.45,24.0,12.321428571428571,18.438392857142855,0,8,224,0
2019-08-13,15.0,36.0,17.25,19.0,14.0,16.607142857142858,18.866964285714285,1,8,225,0
2019-08-14,20.0,15.0,9.0,21.0,26.0,16.285714285714285,18.90267857142857,2,8,226,0
2019-08-15,12.0,20.0,15.0,37.0,24.0,17.857142857142858,18.688392857142855,3,8,227,0
2019-08-16,13.0,12.0,8.0,18.0,28.0,17.428571428571427,18.259821428571428,4,8,228,0
2019-08-17,18.0,13.0,15.0,12.0,17.2,18.142857142857142,17.724107142857143,5,8,229,1
2019-08-18,11.0,18.0,16.0,24.0,16.0,18.571428571428573,17.75267857142857,6,8,230,1
2019-08-19,9.0,11.0,36.0,6.0,14.25,17.857142857142858,17.574107142857144,0,8,231,0
2019-08-20,13.4,9.0,15.0,17.25,7.25,14.0,17.386607142857144,1,8,232,0
2019-08-21,19.45,13.4,20.0,9.0,30.875,13.771428571428572,17.60625,2,8,233,0
2019-08-22,20.0,19.45,12.0,15.0,20.0,13.692857142857141,17.198214285714286,3,8,234,0
2019-08-23,12.0,20.0,13.0,8.0,17.0,14.835714285714285,17.198214285714286,4,8,235,0
2019-08-24,24.6,12.0,18.0,15.0,22.0,14.692857142857141,17.01964285714286,5,8,236,1
2019-08-25,17.0,24.6,11.0,16.0,13.0,15.635714285714286,17.1125,6,8,237,1
2019-08-26,18.0,17.0,9.0,36.0,25.45,16.492857142857144,17.255357142857143,0,8,238,0
2019-08-27,21.0,18.0,13.4,15.0,19.0,17.77857142857143,16.989285714285717,1,8,239,0
2019-08-28,10.0,21.0,19.45,20.0,21.0,18.864285714285717,17.060714285714287,2,8,240,0
2019-08-29,17.4,10.0,20.0,12.0,37.0,17.514285714285716,16.667857142857144,3,8,241,0
2019-08-30,19.0,17.4,12.0,13.0,18.0,17.142857142857142,15.967857142857143,4,8,242,0
2019-08-31,15.0,19.0,24.6,18.0,12.0,18.142857142857142,16.00357142857143,5,8,243,1
2019-09-01,17.0,15.0,17.0,11.0,24.0,16.771428571428572,16.110714285714288,6,9,244,1
2019-09-02,18.0,17.0,18.0,9.0,6.0,16.771428571428572,15.860714285714286,0,9,245,0
2019-09-03,12.125,18.0,21.0,13.4,17.25,16.771428571428572,16.289285714285715,1,9,246,0
2019-09-04,29.23,12.125,10.0,19.45,9.0,15.50357142857143,16.10625,2,9,247,0
2019-09-05,14.0,29.23,17.4,20.0,15.0,18.250714285714285,16.828750000000003,3,9,248,0
2019-09-06,28.4,14.0,19.0,12.0,8.0,17.764999999999997,16.793035714285715,4,9,249,0
2019-09-07,27.0,28.4,15.0,24.6,15.0,19.107857142857142,17.521607142857142,5,9,250,1
2019-09-08,26.0,27.0,17.0,17.0,16.0,20.822142857142858,17.950178571428573,6,9,251,1
2019-09-09,26.0,26.0,18.0,18.0,36.0,22.107857142857142,18.30732142857143,0,9,252,0
2019-09-10,22.0,26.0,12.125,21.0,15.0,23.250714285714285,17.950178571428573,1,9,253,0
2019-09-11,42.0,22.0,29.23,10.0,20.0,24.66142857142857,18.200178571428573,2,9,254,0
2019-09-12,21.975,42.0,14.0,17.4,12.0,26.485714285714288,18.985892857142858,3,9,255,0
2019-09-13,17.0,21.975,28.4,19.0,13.0,27.625,19.342142857142857,4,9,256,0
2019-09-14,24.0,17.0,27.0,15.0,18.0,25.99642857142857,19.485000000000003,5,9,257,1
2019-09-15,25.4,24.0,26.0,17.0,11.0,25.567857142857143,19.699285714285715,6,9,258,1
2019-09-16,22.0,25.4,26.0,18.0,9.0,25.482142857142858,20.21357142857143,0,9,259,0
2019-09-17,19.2,22.0,22.0,12.125,13.4,24.910714285714285,20.677857142857142,1,9,260,0
2019-09-18,22.0,19.2,42.0,29.23,19.45,24.510714285714283,20.885,2,9,261,0
2019-09-19,33.0,22.0,21.975,14.0,20.0,21.65357142857143,20.97607142857143,3,9,262,0
2019-09-20,51.3,33.0,17.0,28.4,12.0,23.22857142857143,21.440357142857145,4,9,263,0
2019-09-21,44.25,51.3,24.0,27.0,24.6,28.12857142857143,22.84392857142857,5,9,264,1
2019-09-22,56.5,44.25,25.4,26.0,17.0,31.021428571428572,23.545714285714286,6,9,265,1
2019-09-23,55.0,56.5,22.0,26.0,18.0,35.464285714285715,24.95642857142857,0,9,266,0
2019-09-24,61.3,55.0,19.2,22.0,21.0,40.17857142857143,26.27785714285714,1,9,267,0
2019-09-25,32.5,61.3,22.0,42.0,10.0,46.19285714285714,27.717142857142854,2,9,268,0
2019-09-26,31.0,32.5,33.0,21.975,17.4,47.69285714285714,28.520714285714284,3,9,269,0
2019-09-27,41.1,31.0,51.3,17.0,19.0,47.40714285714286,29.006428571428575,4,9,270,0
2019-09-28,48.0,41.1,44.25,24.0,15.0,45.949999999999996,29.795714285714286,5,9,271,1
2019-09-29,67.8,48.0,56.5,25.4,17.0,46.48571428571428,30.974285714285713,6,9,272,1
2019-09-30,49.4,67.8,55.0,22.0,18.0,48.1,32.78857142857143,0,9,273,0
2019-10-01,47.0,49.4,61.3,19.2,12.125,47.3,33.910000000000004,1,10,274,0
2019-10-02,30.2,47.0,32.5,22.0,29.23,45.25714285714285,35.15553571428571,2,10,275,0
2019-10-03,40.4,30.2,31.0,33.0,14.0,44.92857142857143,35.190178571428575,3,10,276,0
2019-10-04,22.45,40.4,41.1,51.3,28.4,46.271428571428565,36.13303571428572,4,10,277,0
2019-10-05,25.4,22.45,48.0,44.25,27.0,43.607142857142854,35.92053571428571,5,10,278,1
2019-10-06,34.6,25.4,67.8,56.5,26.0,40.37857142857143,35.86339285714286,6,10,279,1
2019-10-07,50.8,34.6,49.4,55.0,26.0,35.635714285714286,36.17053571428571,0,10,280,0
2019-10-08,44.3,50.8,47.0,61.3,22.0,35.83571428571428,37.05625,1,10,281,0
